keyword,avg_monthly,competition,low_bid,high_bid,last12
manali taxi service,5400,MEDIUM,11.462816,44.454204,"[1600, 3600, 5400, 8100, 6600, 4400, 5400, 6600, 9900, 8100, 2900, 2900]"
manali cab service,5400,MEDIUM,11.462816,44.454204,"[1600, 3600, 5400, 8100, 6600, 4400, 5400, 6600, 9900, 8100, 2900, 2900]"
tempo traveller hire in delhi,5400,LOW,18.935028,53.924176,"[6600, 5400, 5400, 5400, 5400, 5400, 6600, 5400, 6600, 5400, 4400, 6600]"
delhi tempo traveller,5400,LOW,18.935028,53.924176,"[6600, 5400, 5400, 5400, 5400, 5400, 6600, 5400, 6600, 5400, 4400, 6600]"
shimla taxi service,4400,LOW,6.608441,53.968714,"[1900, 5400, 9900, 5400, 6600, 3600, 3600, 3600, 3600, 3600, 1900, 3600]"
car on rent manali,3600,LOW,6.510566,33.651477,"[1300, 3600, 4400, 5400, 3600, 2400, 2900, 3600, 5400, 4400, 1900, 1900]"
innova rent a car,3600,MEDIUM,6.269217,25.181688,"[3600, 3600, 3600, 4400, 3600, 2900, 3600, 3600, 4400, 3600, 2900, 3600]"
innova car for rent,3600,MEDIUM,6.269217,25.181688,"[3600, 3600, 3600, 4400, 3600, 2900, 3600, 3600, 4400, 3600, 2900, 3600]"
chandigarh delhi taxi,3600,MEDIUM,27.66326,144.095657,"[4400, 4400, 3600, 4400, 3600, 3600, 4400, 2400, 2400, 1600, 2900, 2400]"
chandigarh to manali taxi,2400,MEDIUM,23.138048,100.812661,"[2400, 2400, 2400, 2900, 2400, 1900, 2900, 2900, 4400, 2900, 1600, 1300]"
taxi from chandigarh to manali,2400,MEDIUM,23.138048,100.812661,"[2400, 2400, 2400, 2900, 2400, 1900, 2900, 2900, 4400, 2900, 1600, 1300]"
chandigarh to manali cab booking,2400,MEDIUM,23.138048,100.812661,"[2400, 2400, 2400, 2900, 2400, 1900, 2900, 2900, 4400, 2900, 1600, 1300]"
tempo traveller on rent delhi,2400,MEDIUM,16.086754,42.907547,"[1900, 2400, 2400, 3600, 3600, 1900, 2400, 1900, 3600, 2900, 1300, 1600]"
delhi to dehradun taxi,2400,MEDIUM,15.069657,66.775245,"[1600, 2400, 1600, 1900, 1600, 1600, 1900, 2900, 2900, 2900, 2400, 2900]"
delhi to dehradun cab,2400,MEDIUM,15.069657,66.775245,"[1600, 2400, 1600, 1900, 1600, 1600, 1900, 2900, 2900, 2900, 2400, 2900]"
traveller on rent delhi,2400,MEDIUM,16.086754,42.907547,"[1900, 2400, 2400, 3600, 3600, 1900, 2400, 1900, 3600, 2900, 1300, 1600]"
cab booking delhi to dehradun,2400,MEDIUM,15.069657,66.775245,"[1600, 2400, 1600, 1900, 1600, 1600, 1900, 2900, 2900, 2900, 2400, 2900]"
delhi to chandigarh taxi,2400,MEDIUM,26.123373,135.765599,"[1900, 2400, 1900, 2400, 1900, 1900, 3600, 2400, 2400, 1600, 2400, 1600]"
taxi from chandigarh to delhi,2400,MEDIUM,26.123373,135.765599,"[1900, 2400, 1900, 2400, 1900, 1900, 3600, 2400, 2400, 1600, 2400, 1600]"
cab from delhi to chandigarh,2400,MEDIUM,26.123373,135.765599,"[1900, 2400, 1900, 2400, 1900, 1900, 3600, 2400, 2400, 1600, 2400, 1600]"
delhi to chandigarh taxi fare,2400,MEDIUM,26.123373,135.765599,"[1900, 2400, 1900, 2400, 1900, 1900, 3600, 2400, 2400, 1600, 2400, 1600]"
delhi to chandigarh cab fare,2400,MEDIUM,26.123373,135.765599,"[1900, 2400, 1900, 2400, 1900, 1900, 3600, 2400, 2400, 1600, 2400, 1600]"
delhi to manali taxi,1900,MEDIUM,10.075929,110.521064,"[1000, 1600, 2400, 2900, 2400, 1600, 2400, 2400, 3600, 2400, 1300, 1000]"
chandigarh to shimla taxi,1900,MEDIUM,14.56342,82.684934,"[1600, 1900, 2400, 2900, 2400, 1600, 2400, 2400, 2900, 2400, 1000, 1300]"
delhi to manali cab,1900,MEDIUM,10.075929,110.521064,"[1000, 1600, 2400, 2900, 2400, 1600, 2400, 2400, 3600, 2400, 1300, 1000]"
chandigarh to shimla cab,1900,MEDIUM,14.56342,82.684934,"[1600, 1900, 2400, 2900, 2400, 1600, 2400, 2400, 2900, 2400, 1000, 1300]"
cab booking delhi to manali,1900,MEDIUM,10.075929,110.521064,"[1000, 1600, 2400, 2900, 2400, 1600, 2400, 2400, 3600, 2400, 1300, 1000]"
cab booking from chandigarh to shimla,1900,MEDIUM,14.56342,82.684934,"[1600, 1900, 2400, 2900, 2400, 1600, 2400, 2400, 2900, 2400, 1000, 1300]"
cab charges from chandigarh to shimla,1900,MEDIUM,14.56342,82.684934,"[1600, 1900, 2400, 2900, 2400, 1600, 2400, 2400, 2900, 2400, 1000, 1300]"
delhi to haridwar taxi,1900,MEDIUM,15.090583,82.495227,"[1900, 1900, 1600, 1300, 1300, 1600, 1900, 2900, 3600, 2900, 1300, 1900]"
delhi to rishikesh taxi,1900,MEDIUM,12.404338,52.641478,"[1000, 1600, 1600, 1900, 1600, 1600, 2400, 2900, 2900, 2400, 1300, 1000]"
delhi to haridwar cab,1900,MEDIUM,15.090583,82.495227,"[1900, 1900, 1600, 1300, 1300, 1600, 1900, 2900, 3600, 2900, 1300, 1900]"
dehradun to delhi cab,1900,MEDIUM,19.513552,110.362201,"[1900, 1600, 1300, 1900, 1600, 2400, 2400, 1900, 1900, 1600, 1600, 1900]"
cab from delhi to rishikesh,1900,MEDIUM,12.404338,52.641478,"[1000, 1600, 1600, 1900, 1600, 1600, 2400, 2900, 2900, 2400, 1300, 1000]"
tempo traveller booking delhi,1900,MEDIUM,8.362347,28.450777,"[1300, 1600, 1900, 2400, 1600, 1600, 1900, 1900, 2400, 1900, 1300, 1900]"
taxi from dehradun to delhi,1900,MEDIUM,19.513552,110.362201,"[1900, 1600, 1300, 1900, 1600, 2400, 2400, 1900, 1900, 1600, 1600, 1900]"
delhi to haridwar cab booking,1900,MEDIUM,15.090583,82.495227,"[1900, 1900, 1600, 1300, 1300, 1600, 1900, 2900, 3600, 2900, 1300, 1900]"
cab booking chandigarh to shimla,1900,MEDIUM,14.563989,82.688164,"[1600, 1900, 2400, 2900, 2400, 1600, 2400, 2400, 2900, 2400, 1000, 1300]"
chandigarh to manali taxi fare,1600,MEDIUM,9.209376,80.99723,"[1000, 1600, 1600, 1900, 1600, 1300, 1900, 2400, 2900, 1900, 880, 880]"
chandigarh to manali taxi service,1600,MEDIUM,9.209376,80.99723,"[1000, 1600, 1600, 1900, 1600, 1300, 1900, 2400, 2900, 1900, 880, 880]"
chandigarh to manali cab fare,1600,MEDIUM,9.209376,80.99723,"[1000, 1600, 1600, 1900, 1600, 1300, 1900, 2400, 2900, 1900, 880, 880]"
jammu to srinagar taxi fare,1600,LOW,2.933301,22.885223,"[720, 880, 880, 1300, 1600, 1300, 1600, 2400, 2400, 2900, 1900, 1600]"
jammu to srinagar cab fare,1600,LOW,2.933301,22.885223,"[720, 880, 880, 1300, 1600, 1300, 1600, 2400, 2400, 2900, 1900, 1600]"
chandigarh to shimla taxi fare,1300,MEDIUM,5.827729,35.133581,"[720, 1000, 1300, 1600, 1300, 1000, 1600, 1900, 2400, 1900, 880, 880]"
chandigarh to manali cab,1300,MEDIUM,18.364618,95.371367,"[720, 880, 1600, 1900, 1300, 1000, 1300, 1900, 2900, 1600, 720, 720]"
chandigarh to shimla taxi price,1300,MEDIUM,5.827729,35.133581,"[720, 1000, 1300, 1600, 1300, 1000, 1600, 1900, 2400, 1900, 880, 880]"
chandigarh to shimla cab fare,1300,MEDIUM,5.827729,35.133581,"[720, 1000, 1300, 1600, 1300, 1000, 1600, 1900, 2400, 1900, 880, 880]"
cab fare from chandigarh to manali,1300,MEDIUM,18.364618,95.371367,"[720, 880, 1600, 1900, 1300, 1000, 1300, 1900, 2900, 1600, 720, 720]"
innova crysta on rent,1300,MEDIUM,7.828554,28.623077,"[1300, 1900, 1900, 1900, 1300, 1000, 1000, 1000, 1300, 1000, 1000, 1000]"
delhi to shimla taxi,1000,LOW,10.064996,85.247512,"[880, 880, 1000, 1300, 880, 880, 1000, 1300, 1600, 1300, 480, 880]"
cab from delhi to shimla,1000,LOW,10.064996,85.247512,"[880, 880, 1000, 1300, 880, 880, 1000, 1300, 1600, 1300, 480, 880]"
outstation cab delhi,1000,MEDIUM,13.957724,44.249373,"[880, 1000, 880, 1000, 1300, 1300, 1300, 1300, 1300, 1000, 1600, 1000]"
innova rent per km,1000,MEDIUM,6.461194,23.541624,"[720, 1000, 1000, 1600, 1300, 1000, 880, 1000, 1300, 1000, 720, 880]"
taxi in shimla,1000,MEDIUM,5.999392,34.523025,"[390, 880, 1600, 1300, 1300, 880, 880, 1000, 1300, 1300, 590, 880]"
innova car rent per km,1000,MEDIUM,6.461194,23.541624,"[720, 1000, 1000, 1600, 1300, 1000, 880, 1000, 1300, 1000, 720, 880]"
cabs in shimla,1000,MEDIUM,5.999392,34.523025,"[390, 880, 1600, 1300, 1300, 880, 880, 1000, 1300, 1300, 590, 880]"
taxi in delhi for outstation,1000,MEDIUM,13.957724,44.249373,"[880, 1000, 880, 1000, 1300, 1300, 1300, 1300, 1300, 1000, 1600, 1000]"
cab booking in shimla,1000,MEDIUM,5.999392,34.523025,"[390, 880, 1600, 1300, 1300, 880, 880, 1000, 1300, 1300, 590, 880]"
delhi to mussoorie taxi,1000,MEDIUM,9.670296,44.185734,"[590, 880, 1000, 1300, 1000, 720, 880, 1600, 2400, 1600, 720, 1000]"
delhi to mussoorie cab,1000,MEDIUM,9.670296,44.185734,"[590, 880, 1000, 1300, 1000, 720, 880, 1600, 2400, 1600, 720, 1000]"
chandigarh to delhi one way taxi,1000,LOW,30.012013,179.772226,"[1000, 390, 390, 590, 320, 590, 2900, 1900, 1300, 1300, 1300, 1600]"
cab from delhi to nainital,1000,MEDIUM,8.293967,33.478608,"[590, 880, 1000, 1300, 1000, 880, 1300, 1600, 1900, 1300, 720, 720]"
one way taxi chandigarh to delhi,1000,LOW,30.012013,179.772226,"[1000, 390, 390, 590, 320, 590, 2900, 1900, 1300, 1300, 1300, 1600]"
one way cab chandigarh to delhi,1000,LOW,30.012013,179.772226,"[1000, 390, 390, 590, 320, 590, 2900, 1900, 1300, 1300, 1300, 1600]"
chandigarh delhi one way taxi,1000,LOW,30.012013,179.772226,"[1000, 390, 390, 590, 320, 590, 2900, 1900, 1300, 1300, 1300, 1600]"
delhi to manali taxi fare,880,MEDIUM,4.736187,30.270021,"[390, 880, 1000, 1300, 1000, 720, 1000, 1300, 1900, 1000, 390, 390]"
cabs in manali,720,MEDIUM,9.998085,41.664784,"[210, 590, 880, 1300, 1000, 480, 720, 720, 1000, 880, 320, 210]"
manali to rohtang pass taxi fare,720,LOW,7.384797,27.544527,"[90, 590, 720, 1000, 320, 170, 320, 590, 2400, 1900, 320, 260]"
manali to rohtang taxi fare,720,LOW,7.384797,27.544527,"[90, 590, 720, 1000, 320, 170, 320, 590, 2400, 1900, 320, 260]"
cab service manali,720,MEDIUM,9.998085,41.664784,"[210, 590, 880, 1300, 1000, 480, 720, 720, 1000, 880, 320, 210]"
cab booking in manali,720,MEDIUM,9.998085,41.664784,"[210, 590, 880, 1300, 1000, 480, 720, 720, 1000, 880, 320, 210]"
taxi manali,720,MEDIUM,9.006944,45.113429,"[140, 590, 880, 1300, 1300, 390, 480, 590, 1000, 880, 260, 210]"
manali cab,720,MEDIUM,9.006944,45.113429,"[140, 590, 880, 1300, 1300, 390, 480, 590, 1000, 880, 260, 210]"
cab fare from manali to rohtang pass,720,LOW,7.384797,27.544527,"[90, 590, 720, 1000, 320, 170, 320, 590, 2400, 1900, 320, 260]"
cab for manali,720,MEDIUM,9.998085,41.664784,"[210, 590, 880, 1300, 1000, 480, 720, 720, 1000, 880, 320, 210]"
cab to manali,720,MEDIUM,9.006944,45.113429,"[140, 590, 880, 1300, 1300, 390, 480, 590, 1000, 880, 260, 210]"
shimla cab service,720,MEDIUM,9.026206,50.298392,"[210, 320, 720, 720, 880, 720, 880, 720, 1000, 1000, 480, 480]"
delhi to dehradun taxi fare,720,HIGH,8.091083,33.292354,"[480, 590, 480, 590, 590, 590, 720, 1300, 1000, 880, 480, 720]"
delhi to dehradun taxi price,720,HIGH,8.091083,33.292354,"[480, 590, 480, 590, 590, 590, 720, 1300, 1000, 880, 480, 720]"
delhi to dehradun cab fare,720,HIGH,8.091083,33.292354,"[480, 590, 480, 590, 590, 590, 720, 1300, 1000, 880, 480, 720]"
innova crysta taxi,720,LOW,15.090583,56.011451,"[720, 590, 590, 720, 1000, 720, 590, 590, 590, 590, 480, 590]"
chandigarh to delhi cab,720,LOW,18.137805,102.62601,"[720, 720, 880, 880, 1000, 720, 880, 590, 720, 720, 880, 880]"
manali to chandigarh taxi,590,MEDIUM,18.785224,100.564348,"[390, 480, 590, 720, 590, 320, 480, 590, 720, 1000, 390, 590]"
manali to chandigarh cab,590,MEDIUM,18.785224,100.564348,"[390, 480, 590, 720, 590, 320, 480, 590, 720, 1000, 390, 590]"
himachal cab service,590,MEDIUM,9.477174,46.455972,"[480, 480, 720, 720, 880, 590, 720, 720, 1000, 590, 390, 480]"
cab service in himachal pradesh,590,MEDIUM,9.477174,46.455972,"[480, 480, 720, 720, 880, 590, 720, 720, 1000, 590, 390, 480]"
cabs from haldwani to delhi,590,MEDIUM,13.117981,53.154573,"[480, 590, 590, 590, 720, 720, 480, 590, 480, 590, 880, 590]"
chandigarh airport taxi,590,LOW,23.592786,99.618756,"[1300, 1000, 720, 480, 320, 390, 480, 320, 390, 720, 320, 320]"
delhi to amritsar taxi,590,MEDIUM,25.376353,80.500005,"[320, 480, 590, 720, 720, 590, 720, 720, 480, 480, 390, 390]"
rishikesh to delhi cab,590,HIGH,15.041821,94.167843,"[320, 480, 590, 720, 480, 390, 720, 720, 1000, 1000, 390, 320]"
outstation taxi service delhi,590,MEDIUM,15.638007,41.67006,"[720, 880, 590, 590, 590, 480, 590, 590, 720, 480, 320, 590]"
dehradun to delhi taxi service,590,MEDIUM,25.731512,120.761142,"[1000, 590, 480, 590, 590, 590, 480, 390, 480, 480, 320, 480]"
delhi to dehradun taxi service,590,MEDIUM,22.851273,97.282486,"[720, 720, 590, 720, 720, 390, 480, 590, 590, 590, 390, 390]"
delhi to haridwar taxi fare,590,HIGH,8.673543,40.328233,"[320, 390, 260, 260, 320, 390, 720, 1000, 1300, 880, 390, 390]"
innova rent per day,590,MEDIUM,6.309148,24.150001,"[720, 720, 590, 720, 590, 480, 480, 590, 590, 590, 590, 720]"
delhi to amritsar cab,590,MEDIUM,25.376353,80.500005,"[320, 480, 590, 720, 720, 590, 720, 720, 480, 480, 390, 390]"
outstation cab service in delhi,590,MEDIUM,15.638007,41.67006,"[720, 880, 590, 590, 590, 480, 590, 590, 720, 480, 320, 590]"
rishikesh to delhi taxi,590,HIGH,15.041821,94.167843,"[320, 480, 590, 720, 480, 390, 720, 720, 1000, 1000, 390, 320]"
innova car rent per day,590,MEDIUM,6.309148,24.150001,"[720, 720, 590, 720, 590, 480, 480, 590, 590, 590, 590, 720]"
delhi to dehradun cab service,590,MEDIUM,22.851273,97.282486,"[720, 720, 590, 720, 720, 390, 480, 590, 590, 590, 390, 390]"
dehradun to delhi cab service,590,MEDIUM,22.851273,97.282486,"[720, 720, 590, 720, 720, 390, 480, 590, 590, 590, 390, 390]"
taxi service delhi to dehradun,590,MEDIUM,25.731512,120.761142,"[1000, 590, 480, 590, 590, 590, 480, 390, 480, 480, 320, 480]"
taxi chandigarh to delhi airport,590,LOW,21.884004,125.182869,"[480, 390, 480, 590, 590, 590, 720, 480, 480, 590, 720, 390]"
taxi service dehradun to delhi,590,MEDIUM,25.731512,120.761142,"[1000, 590, 480, 590, 590, 590, 480, 390, 480, 480, 320, 480]"
chandigarh airport taxi service,590,LOW,23.66113,95.593756,"[1000, 720, 590, 590, 590, 480, 480, 480, 720, 590, 390, 390]"
chandigarh to igi airport taxi,590,LOW,21.884859,125.187759,"[480, 390, 480, 590, 590, 590, 720, 480, 480, 590, 720, 390]"
chandigarh to new delhi airport taxi,590,LOW,21.884004,125.182869,"[480, 390, 480, 590, 590, 590, 720, 480, 480, 590, 720, 390]"
himachal taxi service,480,LOW,7.055761,41.212311,"[320, 480, 390, 480, 590, 480, 590, 480, 720, 590, 390, 390]"
manali to delhi cab,480,MEDIUM,17.95121,120.691539,"[320, 390, 480, 720, 720, 210, 390, 390, 590, 880, 320, 320]"
delhi to shimla taxi fare,480,MEDIUM,4.815851,27.570368,"[260, 390, 480, 590, 480, 390, 590, 720, 880, 480, 260, 320]"
taxi in manali,480,LOW,12.044293,38.016778,"[90, 260, 590, 880, 590, 320, 480, 480, 720, 590, 170, 210]"
kalka to shimla taxi fare,480,MEDIUM,4.833801,20.125001,"[210, 320, 390, 590, 390, 260, 390, 480, 720, 720, 210, 320]"
delhi to shimla car,480,LOW,9.239781,76.221306,"[140, 320, 390, 590, 480, 320, 480, 590, 880, 720, 320, 390]"
cab manali to delhi,480,MEDIUM,17.95121,120.691539,"[320, 390, 480, 720, 720, 210, 390, 390, 590, 880, 320, 320]"
delhi to kasol taxi,480,MEDIUM,7.047877,99.812365,"[210, 320, 390, 880, 480, 260, 390, 720, 720, 480, 210, 260]"
delhi airport to chandigarh taxi,480,MEDIUM,25.257876,110.876496,"[480, 590, 590, 880, 320, 390, 590, 480, 590, 260, 390, 210]"
delhi to kasol cab,480,MEDIUM,7.047877,99.812365,"[210, 320, 390, 880, 480, 260, 390, 720, 720, 480, 210, 260]"
delhi to haridwar cab fare,480,MEDIUM,8.214237,54.462384,"[320, 390, 320, 320, 390, 390, 590, 720, 1000, 720, 260, 320]"
amritsar to delhi taxi,480,MEDIUM,24.90956,98.100406,"[480, 390, 590, 590, 480, 390, 390, 260, 210, 260, 390, 880]"
amritsar to delhi cab,480,MEDIUM,24.90956,98.100406,"[480, 390, 590, 590, 480, 390, 390, 260, 210, 260, 390, 880]"
innova crysta rent per km,480,MEDIUM,6.304061,21.535268,"[320, 390, 480, 590, 480, 390, 480, 480, 390, 480, 480, 590]"
taxi from haridwar to delhi,480,MEDIUM,8.214237,54.462384,"[320, 390, 320, 320, 390, 390, 590, 720, 1000, 720, 260, 320]"
delhi to haridwar taxi service,480,MEDIUM,17.864658,99.253327,"[590, 480, 320, 320, 320, 320, 390, 480, 880, 590, 260, 260]"
igi airport to chandigarh taxi,480,MEDIUM,25.258863,110.880828,"[480, 590, 590, 880, 320, 390, 590, 480, 590, 260, 390, 210]"
delhi to haridwar cab service,480,MEDIUM,17.864658,99.253327,"[590, 480, 320, 320, 320, 320, 390, 480, 880, 590, 260, 260]"
cab fare from delhi to haridwar,480,MEDIUM,8.214237,54.462384,"[320, 390, 320, 320, 390, 390, 590, 720, 1000, 720, 260, 320]"
taxi for haridwar from delhi,480,MEDIUM,8.214237,54.462384,"[320, 390, 320, 320, 390, 390, 590, 720, 1000, 720, 260, 320]"
haridwar to delhi taxi service,480,MEDIUM,17.864658,99.253327,"[590, 480, 320, 320, 320, 320, 390, 480, 880, 590, 260, 260]"
taxi service haridwar to delhi,480,MEDIUM,17.864658,99.253327,"[590, 480, 320, 320, 320, 320, 390, 480, 880, 590, 260, 260]"
amritsar to delhi cab fare,480,MEDIUM,24.90956,98.100406,"[480, 390, 590, 590, 480, 390, 390, 260, 210, 260, 390, 880]"
pathankot to dharamshala taxi,390,MEDIUM,7.773057,39.725599,"[320, 1000, 320, 320, 260, 260, 390, 480, 590, 480, 210, 210]"
shimla to manali taxi fare,390,MEDIUM,6.308038,18.764107,"[170, 390, 590, 590, 480, 390, 480, 590, 590, 390, 170, 210]"
manali taxi,390,MEDIUM,10.068154,39.73299,"[170, 320, 390, 590, 480, 260, 390, 480, 720, 480, 140, 140]"
taxi from pathankot to dalhousie,390,MEDIUM,7.3154,61.101555,"[260, 590, 480, 480, 320, 260, 320, 480, 590, 720, 320, 260]"
shimla to manali cab,390,MEDIUM,9.056472,73.792212,"[110, 320, 590, 720, 480, 480, 480, 590, 590, 320, 170, 260]"
taxi fare from chandigarh to manali,390,MEDIUM,11.44813,100.287335,"[170, 320, 320, 390, 320, 260, 480, 480, 720, 480, 210, 320]"
shimla to manali taxi,390,MEDIUM,9.056472,73.792212,"[110, 320, 590, 720, 480, 480, 480, 590, 590, 320, 170, 260]"
cab from pathankot to dharamshala,390,MEDIUM,7.773057,39.725599,"[320, 1000, 320, 320, 260, 260, 390, 480, 590, 480, 210, 210]"
chandigarh to manali taxi price,390,MEDIUM,11.44813,100.287335,"[170, 320, 320, 390, 320, 260, 480, 480, 720, 480, 210, 320]"
manali cab booking,390,MEDIUM,9.992998,49.109285,"[70, 390, 390, 590, 480, 210, 320, 320, 590, 480, 170, 140]"
cab fare from shimla to manali,390,MEDIUM,6.308038,18.764107,"[170, 390, 590, 590, 480, 390, 480, 590, 590, 390, 170, 210]"
cab shimla to manali,390,MEDIUM,9.056472,73.792212,"[110, 320, 590, 720, 480, 480, 480, 590, 590, 320, 170, 260]"
shimla taxi,390,MEDIUM,6.549024,57.481519,"[170, 320, 320, 480, 720, 320, 320, 390, 480, 480, 320, 320]"
delhi to jammu taxi,390,MEDIUM,13.043143,87.254541,"[320, 390, 320, 480, 390, 390, 390, 390, 480, 390, 320, 70]"
cheapest taxi service in delhi for outstation,390,MEDIUM,11.217821,32.01052,"[320, 480, 390, 320, 390, 390, 590, 590, 390, 390, 260, 260]"
luxury tempo traveller in delhi,390,LOW,13.202868,35.164422,"[390, 390, 390, 390, 390, 390, 480, 320, 320, 320, 210, 320]"
delhi to jammu cab,390,MEDIUM,13.043143,87.254541,"[320, 390, 320, 480, 390, 390, 390, 390, 480, 390, 320, 70]"
self drive innova on rent,390,MEDIUM,2.868335,17.864082,"[320, 480, 480, 720, 480, 260, 320, 390, 480, 390, 260, 260]"
shimla to kufri taxi fare,390,LOW,2.392519,23.583475,"[170, 260, 390, 720, 880, 390, 320, 390, 480, 590, 210, 170]"
delhi to dehradun cab price,390,HIGH,7.691482,33.270756,"[110, 260, 260, 320, 210, 210, 390, 590, 590, 590, 320, 390]"
innova car rental self drive,390,MEDIUM,2.868335,17.864082,"[320, 480, 480, 720, 480, 260, 320, 390, 480, 390, 260, 260]"
book innova crysta,390,MEDIUM,11.32888,46.868522,"[320, 390, 260, 320, 390, 320, 320, 480, 480, 480, 390, 480]"
jammu to srinagar taxi,390,MEDIUM,3.625257,24.521095,"[110, 170, 140, 480, 390, 320, 390, 480, 590, 720, 480, 210]"
delhi to chandigarh taxi service,390,MEDIUM,40.354397,150.945531,"[880, 390, 260, 590, 260, 390, 880, 320, 320, 210, 210, 140]"
chandigarh to delhi drop taxi,390,LOW,,,"[480, 590, 590, 390, 590, 480, 590, 390, 390, 210, 210, 140]"
delhi to dharamshala taxi,320,HIGH,7.581951,32.28369,"[140, 210, 260, 320, 210, 170, 390, 480, 590, 390, 170, 140]"
chandigarh to manali cab service,320,MEDIUM,25.938026,100.621075,"[170, 210, 260, 390, 320, 320, 390, 590, 590, 390, 110, 210]"
cab service from chandigarh to manali,320,MEDIUM,25.938026,100.621075,"[170, 210, 260, 390, 320, 320, 390, 590, 590, 390, 110, 210]"
manali to rohtang taxi,320,MEDIUM,9.587461,24.783135,"[30, 260, 320, 590, 170, 90, 170, 210, 720, 720, 90, 50]"
shimla to delhi cab,320,LOW,13.37488,99.719448,"[590, 390, 480, 480, 320, 170, 170, 260, 480, 320, 110, 210]"
taxi from shimla to chandigarh,320,MEDIUM,11.903387,94.765798,"[210, 320, 260, 390, 320, 260, 260, 320, 390, 480, 210, 210]"
taxi service in chandigarh to manali,320,MEDIUM,25.938026,100.621075,"[170, 210, 260, 390, 320, 320, 390, 590, 590, 390, 110, 210]"
delhi to dharamshala cab,320,HIGH,7.581951,32.28369,"[140, 210, 260, 320, 210, 170, 390, 480, 590, 390, 170, 140]"
cab from shimla to chandigarh,320,MEDIUM,11.903387,94.765798,"[210, 320, 260, 390, 320, 260, 260, 320, 390, 480, 210, 210]"
shimla to delhi taxi,320,LOW,13.37488,99.719448,"[590, 390, 480, 480, 320, 170, 170, 260, 480, 320, 110, 210]"
taxi for manali from chandigarh,320,MEDIUM,25.938026,100.621075,"[170, 210, 260, 390, 320, 320, 390, 590, 590, 390, 110, 210]"
haridwar to delhi cab,320,MEDIUM,14.782459,95.540002,"[210, 260, 210, 210, 170, 140, 210, 320, 720, 720, 210, 210]"
delhi to haridwar car fare,320,HIGH,8.065646,45.308609,"[210, 320, 260, 170, 170, 210, 390, 480, 480, 390, 210, 260]"
best cab service in delhi for outstation,320,MEDIUM,13.430073,37.749687,"[590, 390, 390, 260, 390, 320, 390, 480, 390, 260, 210, 210]"
shimla to chandigarh cab,320,MEDIUM,11.903852,94.7695,"[210, 320, 260, 390, 320, 260, 260, 320, 390, 480, 210, 210]"
innova crysta rent per day,320,MEDIUM,7.020425,23.743393,"[320, 210, 260, 390, 320, 260, 210, 260, 390, 320, 320, 320]"
jammu to delhi taxi,320,MEDIUM,9.022174,90.738549,"[480, 390, 260, 480, 720, 170, 170, 210, 140, 260, 260, 140]"
best outstation cab service delhi,320,MEDIUM,13.430073,37.749687,"[590, 390, 390, 260, 390, 320, 390, 480, 390, 260, 210, 210]"
best outstation taxi service in delhi,320,MEDIUM,13.430073,37.749687,"[590, 390, 390, 260, 390, 320, 390, 480, 390, 260, 210, 210]"
char dham taxi service,320,LOW,6.341345,60.37658,"[170, 110, 90, 140, 260, 480, 480, 480, 480, 260, 480, 320]"
leh to manali taxi,260,MEDIUM,3.469377,41.518983,"[90, 90, 90, 110, 70, 40, 70, 140, 390, 720, 480, 590]"
manali taxi package,260,LOW,9.721456,34.867031,"[20, 140, 140, 90, 170, 140, 320, 480, 590, 480, 210, 140]"
manali to leh taxi fare,260,MEDIUM,3.057026,27.592999,"[50, 70, 50, 70, 70, 90, 210, 260, 720, 720, 320, 320]"
manali to chandigarh taxi fare,260,MEDIUM,4.885636,37.846597,"[90, 260, 170, 260, 260, 170, 260, 260, 390, 390, 140, 210]"
delhi to manali car fare,260,MEDIUM,5.190484,31.57916,"[170, 320, 390, 390, 260, 210, 320, 320, 480, 320, 140, 170]"
pathankot to dharamshala taxi fare,260,MEDIUM,6.404407,36.496472,"[110, 140, 170, 210, 140, 140, 260, 390, 480, 390, 210, 210]"
chandigarh to manali cab price,260,HIGH,7.580799,60.869655,"[90, 210, 260, 390, 260, 170, 260, 320, 480, 390, 110, 140]"
kalka to shimla cab,260,MEDIUM,5.171393,23.715076,"[140, 140, 210, 480, 320, 170, 260, 320, 480, 320, 110, 110]"
himachal taxi,260,LOW,9.506738,31.854733,"[260, 480, 170, 210, 260, 170, 210, 260, 320, 260, 170, 320]"
manali to chandigarh cab fare,260,MEDIUM,4.885636,37.846597,"[90, 260, 170, 260, 260, 170, 260, 260, 390, 390, 140, 210]"
innova crysta for rent,260,MEDIUM,8.08782,26.30754,"[260, 260, 320, 320, 260, 210, 210, 260, 320, 260, 210, 210]"
outstation car rental delhi,260,MEDIUM,8.198687,27.14821,"[140, 170, 260, 260, 390, 390, 390, 390, 260, 320, 170, 140]"
delhi to nainital taxi fare,260,HIGH,5.661579,30.489347,"[140, 260, 170, 260, 210, 260, 260, 390, 480, 390, 170, 210]"
cab fare from delhi to nainital,260,HIGH,5.661579,30.489347,"[140, 260, 170, 260, 210, 260, 260, 390, 480, 390, 170, 210]"
chandigarh to delhi drop cab,260,LOW,,,"[110, 140, 210, 320, 390, 170, 210, 140, 170, 260, 260, 590]"
chandigarh to delhi taxi drop,260,LOW,15.498793,95.596356,"[260, 320, 480, 390, 320, 260, 390, 210, 210, 170, 110, 260]"
one way taxi delhi,210,HIGH,8.315372,34.088784,"[110, 210, 170, 320, 170, 170, 210, 210, 170, 260, 170, 210]"
kalka to shimla taxi,210,MEDIUM,6.869454,30.382707,"[110, 210, 170, 320, 210, 140, 210, 260, 390, 320, 90, 90]"
one way taxi service delhi,210,LOW,11.545334,48.114648,"[140, 140, 110, 140, 210, 260, 320, 320, 170, 210, 170, 390]"
delhi to manali car,210,MEDIUM,12.355765,110.633942,"[70, 170, 210, 390, 320, 170, 210, 320, 390, 260, 90, 90]"
shimla to manali cab fare,210,MEDIUM,9.025853,31.359931,"[110, 210, 210, 260, 260, 210, 260, 260, 320, 260, 140, 170]"
one way cab delhi,210,HIGH,8.315697,34.090116,"[110, 210, 170, 320, 170, 170, 210, 210, 170, 260, 170, 210]"
chandigarh to manali car,210,MEDIUM,17.577829,99.2339,"[70, 170, 260, 320, 210, 170, 260, 260, 390, 260, 90, 110]"
one way taxi to delhi,210,HIGH,8.315697,34.090116,"[110, 210, 170, 320, 170, 170, 210, 210, 170, 260, 170, 210]"
manali taxi booking,210,LOW,12.042949,35.0877,"[50, 110, 260, 260, 260, 140, 260, 210, 390, 210, 110, 70]"
chandigarh to manali car fare,210,HIGH,10.358509,80.256034,"[70, 210, 210, 260, 170, 140, 260, 260, 320, 210, 90, 140]"
delhi to manali car booking,210,MEDIUM,12.355765,110.633942,"[70, 170, 210, 390, 320, 170, 210, 320, 390, 260, 90, 90]"
manali to leh taxi,210,LOW,7.043475,29.814764,"[50, 40, 30, 30, 50, 90, 170, 260, 590, 590, 210, 390]"
cab from manali to leh,210,LOW,7.043475,29.814764,"[50, 40, 30, 30, 50, 90, 170, 260, 590, 590, 210, 390]"
car hire from delhi to manali,210,MEDIUM,7.80598,34.535786,"[50, 170, 320, 320, 260, 170, 210, 320, 210, 110, 50, 70]"
chandigarh shimla taxi service,210,LOW,23.648112,100.270346,"[170, 140, 170, 170, 170, 210, 320, 260, 260, 260, 170, 140]"
innova on rent per km,210,MEDIUM,4.333892,20.821015,"[260, 320, 210, 210, 210, 210, 210, 210, 170, 140, 260, 170]"
chandigarh to shimla taxi service,210,LOW,23.649036,100.274263,"[170, 140, 170, 170, 170, 210, 320, 260, 260, 260, 170, 140]"
innova for rent with driver,210,HIGH,5.341869,23.722371,"[590, 320, 170, 170, 140, 110, 140, 170, 170, 140, 70, 110]"
12 seater tempo traveller hire in delhi,210,LOW,14.537112,30.189517,"[90, 140, 170, 140, 170, 590, 260, 140, 210, 210, 70, 320]"
dehradun to delhi taxi price,210,MEDIUM,10.087073,80.232964,"[170, 170, 170, 170, 140, 170, 170, 210, 320, 390, 170, 170]"
innova on rent with driver,210,HIGH,5.341869,23.722371,"[590, 320, 170, 170, 140, 110, 140, 170, 170, 140, 70, 110]"
taxi from kalka to shimla,210,MEDIUM,6.869722,30.383894,"[110, 210, 170, 320, 210, 140, 210, 260, 390, 320, 90, 90]"
innova crysta rental price,210,MEDIUM,7.607012,25.669407,"[140, 260, 260, 210, 210, 170, 210, 260, 260, 260, 140, 90]"
16 seater tempo traveller hire in delhi,210,LOW,10.846152,30.269668,"[110, 90, 140, 140, 170, 720, 320, 110, 50, 50, 140, 260]"
12 seater tempo traveller in delhi,210,LOW,19.118751,42.242633,"[210, 170, 260, 320, 170, 170, 210, 260, 260, 170, 170, 170]"
12 seater tempo traveller hire delhi,210,LOW,19.118751,42.242633,"[210, 170, 260, 320, 170, 170, 210, 260, 260, 170, 170, 170]"
delhi to nainital taxi,210,LOW,12.57845,45.367502,"[90, 140, 170, 140, 170, 170, 210, 210, 320, 260, 210, 320]"
delhi to chandigarh one way taxi,210,MEDIUM,29.271105,147.185894,"[720, 260, 90, 170, 170, 140, 320, 140, 170, 210, 110, 90]"
delhi to chandigarh taxi one way,210,MEDIUM,28.151056,125.772792,"[480, 260, 140, 210, 170, 170, 140, 170, 140, 170, 170, 170]"
srinagar to jammu taxi fare,210,MEDIUM,2.438978,20.889215,"[90, 170, 210, 320, 260, 140, 170, 210, 210, 390, 260, 170]"
chandigarh to delhi cab service,210,LOW,26.729422,191.373261,"[110, 110, 90, 210, 320, 260, 390, 210, 140, 90, 260, 140]"
chandigarh to delhi taxi one way,210,LOW,30.739868,138.162632,"[140, 70, 50, 50, 50, 90, 320, 320, 320, 320, 210, 390]"
one way cab delhi to chandigarh,210,MEDIUM,28.151056,125.772792,"[480, 260, 140, 210, 170, 170, 140, 170, 140, 170, 170, 170]"
chandigarh to delhi cab price,210,MEDIUM,15.406072,130.816036,"[110, 170, 140, 210, 210, 210, 260, 260, 260, 320, 210, 170]"
taxi service chandigarh to delhi,210,MEDIUM,29.91574,150.352439,"[260, 210, 170, 260, 210, 170, 210, 210, 210, 170, 110, 140]"
cab service delhi to chandigarh,210,MEDIUM,29.91574,150.352439,"[260, 210, 170, 260, 210, 170, 210, 210, 210, 170, 110, 140]"
chandigarh to delhi one way taxi service,210,LOW,,,"[320, 90, 50, 70, 10, 140, 590, 260, 210, 210, 320, 320]"
one way taxi from chandigarh to delhi,210,LOW,30.739868,138.162632,"[140, 70, 50, 50, 50, 90, 320, 320, 320, 320, 210, 390]"
cab service from chandigarh to delhi,210,MEDIUM,29.91574,150.352439,"[260, 210, 170, 260, 210, 170, 210, 210, 210, 170, 110, 140]"
chandigarh to delhi taxi chandigarh,210,LOW,26.729422,191.373261,"[110, 110, 90, 210, 320, 260, 390, 210, 140, 90, 260, 140]"
shimla to chandigarh taxi,170,MEDIUM,15.632021,100.839153,"[170, 210, 110, 140, 140, 90, 170, 170, 210, 210, 140, 110]"
one way taxi delhi to agra,170,MEDIUM,17.872407,51.982788,"[90, 110, 110, 590, 260, 110, 110, 110, 170, 110, 110, 170]"
delhi to shimla taxi price,170,MEDIUM,4.182133,30.087385,"[90, 110, 170, 260, 210, 170, 210, 320, 320, 210, 90, 110]"
taxi service chandigarh to shimla,170,MEDIUM,20.118456,100.376121,"[90, 110, 210, 210, 210, 170, 210, 260, 210, 210, 50, 110]"
chandigarh to shimla cab service,170,MEDIUM,20.118456,100.376121,"[90, 110, 210, 210, 210, 170, 210, 260, 210, 210, 50, 110]"
one way taxi from agra to delhi,170,MEDIUM,14.311171,38.219019,"[140, 140, 110, 480, 390, 170, 140, 170, 140, 140, 110, 90]"
delhi to manali taxi service,170,LOW,16.300748,99.614864,"[210, 140, 110, 170, 260, 110, 110, 170, 210, 140, 90, 170]"
delhi to agra one way cab,170,MEDIUM,17.872407,51.982788,"[90, 110, 110, 590, 260, 110, 110, 110, 170, 110, 110, 170]"
cab service from chandigarh to shimla,170,MEDIUM,20.118456,100.376121,"[90, 110, 210, 210, 210, 170, 210, 260, 210, 210, 50, 110]"
chandigarh to shimla car,170,MEDIUM,10.580234,53.599367,"[70, 140, 170, 210, 170, 170, 210, 260, 320, 260, 90, 140]"
one way cab agra to delhi,170,MEDIUM,14.311171,38.219019,"[140, 140, 110, 480, 390, 170, 140, 170, 140, 140, 110, 90]"
cab charges from delhi to shimla,170,MEDIUM,4.18197,30.08621,"[90, 110, 170, 260, 210, 170, 210, 320, 320, 210, 90, 110]"
cabs from ambala to delhi,170,MEDIUM,11.549491,82.882855,"[260, 170, 170, 210, 110, 90, 210, 140, 140, 140, 110, 140]"
delhi to haridwar cab price,170,HIGH,7.819627,36.878973,"[90, 170, 40, 70, 70, 70, 170, 320, 480, 390, 170, 170]"
9 seater tempo traveller on rent in delhi,170,LOW,13.344068,30.097176,"[90, 170, 170, 260, 320, 210, 260, 210, 170, 170, 70, 140]"
taxi service from chandigarh to shimla,170,MEDIUM,20.119241,100.380043,"[90, 110, 210, 210, 210, 170, 210, 260, 210, 210, 50, 110]"
innova crysta self drive,170,MEDIUM,3.800098,19.583528,"[140, 170, 210, 210, 140, 170, 170, 210, 210, 210, 170, 140]"
outstation cab booking delhi,170,MEDIUM,15.230246,44.676619,"[90, 140, 170, 170, 110, 110, 110, 140, 170, 210, 260, 170]"
best taxi service in shimla,170,LOW,6.824128,59.040664,"[110, 170, 260, 170, 170, 90, 170, 210, 260, 210, 110, 140]"
delhi to mussoorie taxi fare,170,HIGH,8.09835,34.259926,"[50, 110, 170, 170, 140, 140, 170, 210, 320, 260, 210, 170]"
mussoorie to delhi cab,170,MEDIUM,9.287124,58.568031,"[70, 140, 170, 210, 170, 90, 140, 170, 260, 260, 90, 210]"
chandigarh to delhi taxi fare,170,MEDIUM,10.730931,133.504096,"[170, 210, 140, 170, 170, 110, 140, 170, 140, 140, 110, 170]"
jammu to srinagar cab,170,MEDIUM,3.37656,24.269903,"[70, 70, 90, 210, 210, 210, 210, 170, 260, 320, 210, 110]"
delhi to mussoorie cab price,170,HIGH,5.815443,28.454657,"[50, 70, 90, 110, 140, 110, 110, 210, 390, 320, 140, 260]"
book taxi from delhi to mussoorie,170,HIGH,8.09835,34.259926,"[50, 110, 170, 170, 140, 140, 170, 210, 320, 260, 210, 170]"
delhi to shimla car fare,140,MEDIUM,4.333028,27.028512,"[50, 110, 90, 140, 110, 110, 210, 170, 260, 170, 90, 140]"
chandigarh to manali taxi package,140,MEDIUM,21.333626,80.504251,"[70, 210, 170, 170, 170, 90, 170, 140, 170, 90, 20, 50]"
chandigarh to shimla car fare,140,HIGH,7.063248,29.761301,"[70, 140, 110, 110, 110, 90, 140, 170, 170, 170, 90, 90]"
manali cab package,140,HIGH,10.026497,25.420667,"[20, 90, 260, 210, 170, 110, 170, 260, 260, 110, 30, 30]"
delhi to manali taxi price,140,MEDIUM,5.371608,25.892625,"[70, 110, 140, 170, 170, 110, 170, 210, 210, 170, 70, 50]"
cab service delhi to manali,140,LOW,16.842295,110.396763,"[40, 70, 170, 210, 140, 70, 140, 140, 260, 140, 260, 170]"
chandigarh to manali cab package,140,MEDIUM,21.333626,80.504251,"[70, 210, 170, 170, 170, 90, 170, 140, 170, 90, 20, 50]"
manali sightseeing taxi,140,MEDIUM,10.028704,29.945016,"[50, 170, 210, 260, 170, 140, 170, 170, 170, 170, 70, 70]"
shimla to chandigarh taxi fare,140,MEDIUM,5.091812,24.550371,"[110, 140, 140, 170, 170, 110, 140, 170, 210, 210, 90, 110]"
kalka to shimla cab fare,140,MEDIUM,4.900609,18.853438,"[50, 90, 140, 260, 140, 110, 110, 140, 260, 210, 70, 110]"
manali local taxi service,140,LOW,10.617956,43.987813,"[30, 70, 110, 260, 260, 110, 140, 140, 260, 260, 90, 90]"
best taxi service in manali,140,MEDIUM,11.086459,46.121464,"[40, 110, 260, 260, 210, 140, 210, 210, 140, 110, 50, 50]"
cab booking from kalka to shimla,140,MEDIUM,4.900418,18.852701,"[50, 90, 140, 260, 140, 110, 110, 140, 260, 210, 70, 110]"
cab charges from delhi to manali,140,MEDIUM,5.371608,25.892625,"[70, 110, 140, 170, 170, 110, 170, 210, 210, 170, 70, 50]"
cab fare delhi to manali,140,MEDIUM,5.371608,25.892625,"[70, 110, 140, 170, 170, 110, 170, 210, 210, 170, 70, 50]"
cab for manali from delhi,140,LOW,16.842295,110.396763,"[40, 70, 170, 210, 140, 70, 140, 140, 260, 140, 260, 170]"
delhi to haridwar taxi price,140,HIGH,8.973124,57.394361,"[110, 140, 90, 70, 70, 110, 170, 170, 260, 260, 140, 90]"
haridwar to delhi taxi fare,140,MEDIUM,4.146042,54.68719,"[110, 140, 110, 90, 50, 90, 170, 170, 260, 210, 70, 70]"
delhi outstation taxi rates,140,MEDIUM,11.58517,30.450607,"[320, 170, 70, 50, 140, 110, 140, 110, 170, 70, 90, 70]"
local taxi service in shimla,140,MEDIUM,5.293107,15.437294,"[70, 170, 170, 170, 140, 90, 90, 110, 210, 260, 90, 110]"
rent innova crysta,140,MEDIUM,7.833545,30.087001,"[110, 140, 140, 170, 140, 90, 110, 170, 210, 170, 70, 110]"
dehradun to delhi cab price,140,HIGH,7.935389,76.622059,"[90, 170, 140, 140, 140, 90, 140, 170, 260, 210, 140, 140]"
9 seater tempo traveller hire delhi,140,LOW,12.016735,30.181166,"[390, 70, 110, 170, 90, 140, 170, 140, 170, 110, 90, 140]"
one way taxi service chandigarh to delhi,140,LOW,,,"[90, 90, 90, 50, 40, 50, 70, 70, 210, 590, 260, 10]"
nainital to delhi cab,140,LOW,7.816826,52.730223,"[70, 70, 140, 110, 110, 90, 140, 140, 210, 210, 70, 170]"
jammu to srinagar distance taxi fare,140,LOW,3.41649,23.586873,"[50, 90, 70, 140, 140, 140, 110, 170, 210, 210, 90, 70]"
jammu tawi to srinagar taxi fare,140,MEDIUM,3.665091,23.346623,"[30, 40, 70, 170, 210, 110, 140, 170, 210, 210, 90, 140]"
cab fare from delhi to mussoorie,140,MEDIUM,6.480715,28.349265,"[50, 90, 170, 140, 70, 70, 140, 170, 260, 210, 50, 140]"
chandigarh to delhi one way taxi chandigarh,140,LOW,,,"[20, 10, 50, 50, 20, 90, 320, 210, 210, 260, 260, 390]"
taxi from chandigarh to manali for 5 days,110,HIGH,20.153682,99.561401,"[70, 110, 140, 140, 110, 110, 170, 170, 210, 140, 70, 50]"
shimla to manali car fare,110,MEDIUM,9.025853,23.224626,"[50, 170, 170, 140, 110, 110, 110, 140, 140, 110, 90, 140]"
manali to solang valley taxi fare,110,LOW,7.566401,34.519661,"[30, 90, 170, 260, 260, 170, 70, 50, 30, 30, 30, 40]"
chandigarh to shimla cab price,110,MEDIUM,4.724765,27.670843,"[50, 50, 90, 140, 140, 90, 90, 110, 140, 170, 70, 90]"
manali to kasol taxi fare,110,MEDIUM,5.376887,25.526826,"[30, 70, 90, 170, 140, 50, 110, 110, 210, 170, 70, 70]"
delhi to manali cab package,110,MEDIUM,9.828768,33.893263,"[10, 10, 40, 90, 70, 50, 90, 210, 390, 210, 30, 50]"
manali to spiti valley taxi fare,110,MEDIUM,7.040307,25.797696,"[30, 70, 70, 90, 110, 90, 140, 210, 260, 210, 50, 70]"
manali to delhi cab fare,110,MEDIUM,3.736696,60.890964,"[50, 140, 90, 110, 110, 70, 90, 110, 210, 260, 110, 90]"
leh to manali taxi fare,110,MEDIUM,2.630276,29.379376,"[110, 50, 40, 20, 10, 30, 40, 90, 260, 320, 210, 210]"
car rental for manali from delhi,110,MEDIUM,6.234897,28.987661,"[50, 110, 170, 210, 170, 90, 110, 140, 170, 140, 40, 50]"
one way taxi delhi to haridwar,110,MEDIUM,12.268898,72.317252,"[90, 90, 40, 140, 50, 50, 110, 140, 320, 170, 70, 90]"
kasol to delhi cab,110,MEDIUM,8.171714,45.385976,"[30, 50, 70, 140, 210, 90, 70, 140, 210, 260, 50, 50]"
taxi fare from delhi to haridwar,110,HIGH,8.526488,77.486342,"[70, 110, 70, 70, 70, 90, 140, 170, 210, 170, 90, 90]"
delhi to jammu taxi fare,110,MEDIUM,15.043644,79.670086,"[50, 70, 70, 110, 90, 110, 210, 90, 110, 50, 70, 140]"
delhi to amritsar taxi fare,110,MEDIUM,20.426214,65.38744,"[70, 110, 110, 110, 140, 90, 110, 140, 70, 140, 70, 140]"
toyota innova for rent,110,MEDIUM,6.863579,26.352175,"[110, 110, 140, 170, 140, 90, 110, 110, 170, 90, 90, 110]"
intercity cab service delhi,110,HIGH,12.853277,38.060115,"[50, 110, 140, 110, 90, 140, 110, 140, 110, 110, 40, 90]"
delhi airport to haridwar taxi,110,MEDIUM,10.066244,45.177681,"[140, 110, 70, 70, 70, 110, 110, 170, 210, 170, 50, 90]"
innova crysta on rent near me,110,MEDIUM,9.036764,36.094361,"[70, 140, 170, 110, 90, 90, 90, 140, 140, 170, 90, 90]"
innova crysta for rent near me,110,MEDIUM,5.969156,25.213652,"[90, 70, 110, 140, 110, 90, 90, 110, 110, 140, 140, 90]"
delhi to haridwar one way taxi,110,MEDIUM,12.268898,72.317252,"[90, 90, 40, 140, 50, 50, 110, 140, 320, 170, 70, 90]"
20 seater tempo traveller in delhi,110,LOW,15.571391,42.494507,"[140, 170, 140, 110, 90, 110, 140, 110, 140, 110, 90, 110]"
delhi to haridwar cab charges,110,HIGH,8.526488,77.486342,"[70, 110, 70, 70, 70, 90, 140, 170, 210, 170, 90, 90]"
delhi airport to haridwar cab,110,MEDIUM,10.066244,45.177681,"[140, 110, 70, 70, 70, 110, 110, 170, 210, 170, 50, 90]"
26 seater tempo traveller on rent in delhi,110,MEDIUM,12.978254,39.912506,"[30, 40, 70, 50, 210, 170, 170, 260, 170, 110, 90, 110]"
delhi to katra taxi,110,MEDIUM,6.947874,85.499886,"[50, 140, 140, 140, 90, 90, 110, 90, 140, 110, 70, 50]"
taxi fare from chandigarh to delhi,110,MEDIUM,11.869409,120.626749,"[70, 110, 110, 140, 110, 90, 90, 90, 170, 140, 110, 90]"
chandigarh to delhi cab fare,110,MEDIUM,11.869409,120.626749,"[70, 110, 110, 140, 110, 90, 90, 90, 170, 140, 110, 90]"
delhi to katra cab,110,MEDIUM,6.947874,85.499886,"[50, 140, 140, 140, 90, 90, 110, 90, 140, 110, 70, 50]"
cab fare from chandigarh to delhi,110,MEDIUM,11.869409,120.626749,"[70, 110, 110, 140, 110, 90, 90, 90, 170, 140, 110, 90]"
cab service from delhi to mussoorie,110,HIGH,11.985167,66.623956,"[40, 50, 90, 90, 140, 50, 90, 110, 210, 210, 90, 50]"
cab service from jammu to srinagar,110,MEDIUM,5.749789,40.944993,"[40, 50, 50, 140, 140, 110, 110, 110, 140, 210, 170, 70]"
chandigarh to manali car rental,90,HIGH,19.748049,85.579554,"[30, 70, 110, 110, 110, 70, 90, 170, 210, 90, 40, 50]"
chandigarh airport to shimla taxi fare,90,MEDIUM,9.056826,28.13171,"[50, 90, 90, 90, 90, 70, 90, 110, 140, 70, 50, 50]"
manali to shimla taxi fare,90,LOW,3.95103,22.10189,"[20, 50, 90, 110, 110, 90, 110, 140, 140, 110, 30, 50]"
chandigarh to manali innova fare,90,MEDIUM,8.065331,116.443242,"[40, 110, 70, 70, 50, 90, 110, 110, 170, 90, 30, 90]"
shimla to kalka taxi fare,90,MEDIUM,2.938215,21.000898,"[50, 70, 70, 90, 90, 70, 70, 90, 110, 140, 70, 70]"
amb andaura to dharamshala taxi fare,90,LOW,3.345557,17.955434,"[40, 50, 70, 50, 40, 50, 90, 90, 210, 320, 90, 70]"
best taxi service in himachal pradesh,90,LOW,9.060888,59.992832,"[50, 50, 70, 90, 110, 90, 90, 90, 110, 90, 50, 40]"
cabs in himachal pradesh,90,LOW,8.834363,37.617289,"[50, 50, 110, 110, 90, 70, 70, 90, 110, 90, 70, 70]"
car hire from chandigarh to manali,90,HIGH,19.748049,85.579554,"[30, 70, 110, 110, 110, 70, 90, 170, 210, 90, 40, 50]"
chandigarh airport to shimla cab fare,90,MEDIUM,9.056472,28.130611,"[50, 90, 90, 90, 90, 70, 90, 110, 140, 70, 50, 50]"
book tempo traveller delhi,90,LOW,14.050833,35.211361,"[70, 110, 140, 90, 90, 70, 110, 90, 110, 70, 90, 110]"
one way taxi from delhi to dehradun,90,MEDIUM,20.175875,95.519556,"[110, 70, 70, 90, 70, 50, 90, 110, 170, 140, 70, 90]"
delhi airport to dehradun taxi,90,HIGH,14.581075,95.551233,"[90, 90, 90, 90, 70, 70, 90, 170, 90, 90, 50, 70]"
delhi tempo traveller rent,90,MEDIUM,22.218323,53.924176,"[40, 70, 90, 90, 70, 70, 90, 170, 110, 90, 50, 70]"
delhi to amritsar taxi service,90,MEDIUM,26.219231,100.573652,"[70, 90, 70, 70, 90, 110, 140, 70, 140, 70, 70, 40]"
innova crysta rent per day self drive,90,MEDIUM,2.626348,20.125001,"[70, 90, 70, 110, 110, 70, 90, 110, 110, 110, 110, 90]"
jammu to delhi taxi service,90,LOW,16.561418,90.52219,"[140, 90, 140, 170, 90, 70, 40, 50, 70, 110, 90, 50]"
tempo traveller per km rate in delhi,90,MEDIUM,11.941672,32.093166,"[30, 40, 110, 90, 70, 50, 90, 140, 170, 170, 70, 30]"
delhi to dehradun cabs one way,90,MEDIUM,20.175875,95.519556,"[110, 70, 70, 90, 70, 50, 90, 110, 170, 140, 70, 90]"
self drive innova crysta,90,MEDIUM,3.412975,21.086328,"[90, 110, 140, 140, 90, 70, 90, 90, 140, 90, 50, 70]"
12 seater tempo traveller on rent in delhi,90,LOW,15.911767,37.900102,"[30, 50, 70, 40, 90, 70, 90, 90, 110, 90, 70, 170]"
taxi fare from delhi to chandigarh,90,HIGH,19.507991,60.193633,"[70, 110, 110, 110, 110, 90, 90, 70, 90, 90, 70, 70]"
cab charges from delhi to chandigarh,90,HIGH,19.507991,60.193633,"[70, 110, 110, 110, 110, 90, 90, 70, 90, 90, 70, 70]"
jammu to srinagar taxi fare one way,90,MEDIUM,2.657248,33.938184,"[10, 10, 10, 10, 20, 40, 70, 70, 140, 320, 170, 90]"
cab fare from delhi to chandigarh,90,HIGH,19.507991,60.193633,"[70, 110, 110, 110, 110, 90, 90, 70, 90, 90, 70, 70]"
one way taxi to delhi airport,70,MEDIUM,9.767049,50.143619,"[90, 70, 50, 90, 50, 70, 90, 50, 50, 50, 70, 50]"
chandigarh to manali taxi fare one way,70,MEDIUM,8.419612,49.152382,"[110, 110, 70, 90, 70, 30, 90, 90, 70, 90, 50, 50]"
shimla to manali car package,70,HIGH,15.117733,58.858385,"[30, 50, 70, 50, 50, 70, 90, 110, 170, 50, 20, 40]"
shimla sightseeing taxi,70,LOW,9.05433,24.25962,"[30, 90, 40, 90, 70, 40, 50, 70, 110, 50, 20, 50]"
taxi service in himachal pradesh,70,LOW,6.265228,21.710079,"[30, 70, 50, 110, 70, 110, 90, 110, 110, 90, 30, 50]"
himachal taxi package,70,LOW,,,"[40, 50, 90, 110, 110, 110, 90, 90, 20, 20, 10, 30]"
manali taxi service for sightseeing,70,MEDIUM,6.041679,33.657716,"[20, 50, 90, 90, 90, 50, 90, 170, 170, 90, 10, 20]"
manali taxi union rate list,70,LOW,9.025853,28.248865,"[30, 70, 70, 70, 70, 70, 40, 140, 170, 110, 30, 30]"
cab from amritsar to manali,70,MEDIUM,31.602869,75.240049,"[50, 90, 90, 90, 70, 90, 110, 90, 110, 50, 50, 40]"
cab rental in manali,70,MEDIUM,12.185871,60.17242,"[30, 110, 110, 90, 110, 70, 90, 90, 90, 90, 30, 20]"
delhi to dehradun taxi drop under 3000,70,MEDIUM,15.085879,77.214214,"[40, 50, 70, 50, 50, 70, 90, 170, 90, 90, 70, 70]"
amritsar to delhi taxi service,70,MEDIUM,30.167632,85.680614,"[170, 90, 70, 70, 50, 90, 50, 90, 90, 20, 50, 40]"
delhi to haridwar car rental,70,HIGH,10.057125,48.512426,"[50, 50, 50, 30, 20, 50, 90, 90, 170, 170, 90, 70]"
taxi fare from dehradun to delhi,70,HIGH,8.395847,60.04797,"[70, 70, 70, 90, 70, 70, 70, 110, 140, 70, 70, 70]"
delhi to haridwar car booking,70,HIGH,13.911553,62.359763,"[30, 70, 70, 50, 50, 50, 90, 70, 110, 170, 40, 50]"
dehradun to delhi airport cab,70,MEDIUM,12.115987,95.375093,"[90, 70, 70, 70, 50, 50, 70, 70, 70, 70, 40, 70]"
amritsar to delhi taxi fare,70,MEDIUM,15.189355,58.816242,"[30, 90, 110, 90, 70, 70, 90, 90, 50, 50, 70, 50]"
delhi to jammu taxi service,70,LOW,9.189578,60.882112,"[50, 40, 30, 70, 90, 70, 50, 90, 70, 70, 50, 90]"
dehradun to delhi airport taxi fare,70,HIGH,14.740896,84.776208,"[30, 50, 50, 50, 70, 50, 70, 70, 140, 70, 70, 50]"
new delhi to haridwar taxi fare,70,HIGH,7.233616,31.705564,"[30, 40, 50, 40, 40, 40, 110, 110, 170, 110, 50, 70]"
shimla local sightseeing taxi,70,MEDIUM,9.05433,22.287531,"[110, 70, 70, 90, 50, 40, 50, 70, 110, 90, 40, 50]"
innova crysta on rent with driver,70,MEDIUM,8.074573,39.66927,"[70, 70, 50, 90, 90, 50, 70, 70, 50, 30, 50, 50]"
haridwar to delhi cab fare,70,MEDIUM,6.92482,77.269695,"[30, 70, 70, 50, 40, 50, 70, 50, 110, 140, 70, 90]"
delhi to amritsar by car fare,70,HIGH,22.120703,65.189319,"[50, 50, 50, 70, 70, 50, 90, 70, 70, 90, 30, 70]"
taxi from dehradun to delhi airport,70,MEDIUM,12.115987,95.375093,"[90, 70, 70, 70, 50, 50, 70, 70, 70, 70, 40, 70]"
haridwar to delhi car,70,LOW,12.505798,95.77959,"[30, 70, 50, 50, 50, 40, 70, 90, 170, 170, 70, 70]"
dehradun to delhi cab fare,70,HIGH,8.395847,60.04797,"[70, 70, 70, 90, 70, 70, 70, 110, 140, 70, 70, 70]"
delhi to kasol cab fare,70,MEDIUM,3.501093,23.873649,"[30, 50, 70, 90, 50, 40, 70, 90, 140, 50, 30, 30]"
one way taxi amritsar to delhi,70,LOW,34.13955,100.631629,"[90, 70, 50, 110, 110, 70, 70, 30, 40, 30, 10, 110]"
jammu to delhi taxi fare,70,MEDIUM,5.243961,66.743857,"[70, 90, 90, 110, 90, 90, 40, 50, 50, 70, 40, 40]"
20 seater tempo traveller on rent in delhi,70,LOW,12.439662,28.081892,"[10, 50, 30, 30, 90, 110, 110, 140, 70, 90, 70, 140]"
amritsar to delhi one way taxi,70,LOW,34.13955,100.631629,"[90, 70, 50, 110, 110, 70, 70, 30, 40, 30, 10, 110]"
delhi to chandigarh taxi price,70,MEDIUM,19.419301,60.214078,"[70, 90, 70, 90, 70, 70, 110, 70, 70, 70, 70, 70]"
chandigarh to delhi taxi price,70,MEDIUM,17.159142,140.762674,"[70, 40, 70, 70, 50, 50, 90, 90, 70, 90, 50, 40]"
cheapest taxi from chandigarh to delhi,70,HIGH,33.299692,131.061662,"[210, 90, 70, 70, 70, 40, 70, 50, 40, 50, 50, 40]"
taxi service delhi to chandigarh,70,MEDIUM,27.48924,120.344745,"[50, 50, 40, 90, 110, 70, 30, 70, 50, 40, 40, 50]"
delhi to katra taxi fare,70,HIGH,2.809097,35.197603,"[30, 70, 40, 70, 50, 70, 90, 110, 140, 90, 30, 20]"
chandigarh to delhi cab booking,70,MEDIUM,16.510283,71.053568,"[50, 50, 70, 210, 40, 30, 70, 30, 50, 70, 30, 40]"
delhi to katra cab fare,70,HIGH,2.809097,35.197603,"[30, 70, 40, 70, 50, 70, 90, 110, 140, 90, 30, 20]"
nainital to delhi taxi,70,MEDIUM,10.039071,63.351539,"[40, 70, 50, 90, 70, 50, 70, 90, 140, 140, 70, 70]"
cab for delhi to chandigarh,70,MEDIUM,27.48924,120.344745,"[50, 50, 40, 90, 110, 70, 30, 70, 50, 40, 40, 50]"
chandigarh delhi cabs,70,MEDIUM,16.510283,71.053568,"[50, 50, 70, 210, 40, 30, 70, 30, 50, 70, 30, 40]"
one way taxi from delhi airport to chandigarh,50,MEDIUM,22.339356,87.434368,"[50, 70, 70, 90, 40, 30, 90, 50, 50, 70, 50, 20]"
chandigarh to kullu taxi fare,50,MEDIUM,7.072366,100.576346,"[30, 50, 40, 40, 50, 50, 50, 110, 110, 70, 20, 30]"
best taxi service from chandigarh to shimla,50,HIGH,20.157521,100.681834,"[10, 30, 70, 30, 40, 30, 50, 40, 90, 70, 40, 20]"
himachal cab package,50,MEDIUM,8.050261,51.502383,"[30, 50, 40, 90, 50, 40, 40, 70, 70, 30, 20, 20]"
chandigarh to shimla manali taxi service,50,MEDIUM,24.713161,100.600054,"[50, 50, 40, 70, 70, 40, 50, 70, 140, 50, 20, 40]"
delhi to manali taxi one way,50,HIGH,7.890446,99.2339,"[20, 30, 50, 70, 30, 20, 50, 90, 110, 70, 20, 20]"
manali to shimla cab,50,MEDIUM,3.653477,22.557914,"[10, 40, 70, 90, 70, 50, 70, 70, 110, 70, 30, 10]"
ambala to manali taxi fare,50,MEDIUM,3.961492,22.20421,"[20, 50, 70, 50, 50, 20, 50, 70, 110, 50, 20, 30]"
cab from dharamshala to delhi,50,MEDIUM,6.726628,28.868928,"[40, 50, 50, 90, 50, 40, 40, 50, 90, 90, 20, 20]"
cab manali rohtang,50,LOW,,,"[10, 30, 20, 50, 70, 20, 70, 90, 90, 70, 20, 30]"
delhi airport to haridwar taxi price,50,HIGH,5.697412,29.370349,"[50, 90, 40, 10, 10, 40, 40, 70, 140, 50, 20, 20]"
delhi to haridwar innova fare,50,MEDIUM,14.040562,47.203331,"[20, 40, 40, 20, 30, 50, 90, 110, 110, 70, 30, 70]"
haridwar to delhi airport taxi fare,50,HIGH,5.758749,70.024273,"[30, 40, 40, 30, 40, 50, 50, 70, 140, 90, 50, 30]"
delhi to dehradun car rental,50,MEDIUM,10.063172,36.126997,"[50, 50, 40, 40, 40, 30, 40, 90, 50, 50, 50, 40]"
amritsar to delhi cab price,50,HIGH,8.575922,49.458587,"[20, 40, 50, 90, 70, 70, 70, 50, 50, 50, 40, 50]"
taxi from delhi airport to amritsar,50,MEDIUM,29.746337,135.770903,"[70, 70, 50, 110, 50, 70, 170, 50, 20, 10, 10, 20]"
chandigarh airport to shimla taxi,50,MEDIUM,13.983065,55.312653,"[50, 70, 70, 50, 40, 40, 40, 90, 90, 50, 40, 50]"
dehradun to delhi car,50,MEDIUM,15.927317,77.197032,"[40, 50, 40, 50, 40, 40, 50, 70, 70, 70, 30, 30]"
chandigarh to shimla car rental,50,HIGH,20.680008,55.479769,"[20, 30, 50, 90, 50, 30, 50, 50, 70, 50, 30, 40]"
delhi to amritsar one way taxi,50,HIGH,30.143251,100.239131,"[30, 30, 50, 70, 70, 50, 90, 110, 50, 30, 10, 30]"
9 seater tempo traveller hire in delhi,50,LOW,5.031538,32.12513,"[90, 70, 110, 70, 90, 70, 70, 20, 20, 20, 30, 20]"
airport taxi chandigarh,50,MEDIUM,16.913409,75.468754,"[110, 50, 70, 50, 50, 50, 40, 50, 50, 40, 50, 30]"
chandigarh to delhi taxi service one way,50,MEDIUM,23.003381,99.410416,"[90, 70, 30, 40, 20, 40, 70, 40, 110, 70, 40, 20]"
delhi to chandigarh taxi innova,50,MEDIUM,30.239018,100.816596,"[140, 140, 70, 50, 30, 30, 40, 90, 30, 20, 50, 10]"
chandigarh to delhi innova taxi fare,50,MEDIUM,17.013629,140.790414,"[210, 90, 50, 30, 20, 40, 40, 40, 50, 20, 30, 30]"
delhi to chandigarh car fare,50,HIGH,12.10486,60.180291,"[30, 70, 70, 70, 50, 40, 70, 70, 50, 40, 40, 50]"
chandigarh to delhi car,50,MEDIUM,24.092139,147.422401,"[20, 50, 50, 90, 50, 50, 50, 50, 70, 70, 30, 40]"
delhi to nainital car fare,50,MEDIUM,6.625076,30.822223,"[30, 40, 50, 50, 70, 70, 50, 30, 70, 50, 40, 50]"
delhi to chandigarh uber cab fare,50,LOW,0.881622,10.085335,"[40, 30, 20, 30, 40, 40, 70, 70, 90, 70, 50, 30]"
chandigarh to delhi car fare,50,HIGH,11.531349,130.816036,"[40, 70, 30, 50, 50, 30, 50, 50, 70, 90, 40, 50]"
delhi to mussoorie by car cost,50,MEDIUM,4.497281,26.584869,"[30, 40, 40, 30, 30, 20, 50, 70, 90, 70, 50, 40]"
cheapest cab from delhi to manali,40,MEDIUM,30.367062,120.753257,"[20, 40, 30, 50, 30, 30, 40, 50, 70, 40, 10, 10]"
taxi from manali to chandigarh,40,HIGH,18.450044,99.808466,"[10, 20, 10, 30, 50, 30, 40, 40, 70, 90, 50, 20]"
patiala to delhi taxi price,40,MEDIUM,7.00009,60.173956,"[20, 30, 20, 40, 50, 50, 40, 40, 50, 50, 20, 50]"
taxi in manali for local sightseeing,40,MEDIUM,9.292211,25.689713,"[10, 10, 20, 20, 20, 30, 70, 70, 110, 90, 20, 20]"
delhi to rishikesh one way cab,40,HIGH,13.604913,65.538845,"[50, 30, 20, 20, 20, 30, 70, 70, 110, 70, 20, 30]"
manali local cab service,40,HIGH,9.229821,46.121464,"[10, 50, 20, 30, 20, 20, 40, 50, 140, 90, 20, 10]"
best cab service in manali,40,LOW,12.477954,34.855129,"[10, 30, 30, 30, 30, 40, 30, 50, 90, 50, 20, 30]"
one way taxi from delhi to rishikesh,40,HIGH,13.604913,65.538845,"[50, 30, 20, 20, 20, 30, 70, 70, 110, 70, 20, 30]"
delhi to shimla distance by cab,40,LOW,,,"[40, 50, 30, 40, 40, 30, 40, 50, 90, 40, 10, 20]"
chandigarh to himachal taxi service,40,LOW,13.511904,63.719162,"[40, 20, 50, 50, 40, 30, 30, 30, 30, 20, 20, 30]"
manali to rohtang taxi price,40,LOW,,,"[10, 50, 90, 70, 30, 10, 20, 20, 50, 70, 10, 10]"
taxi service in una himachal pradesh,40,MEDIUM,7.477327,41.334788,"[20, 50, 70, 40, 30, 20, 70, 30, 70, 30, 20, 40]"
car booking for manali,40,MEDIUM,8.941194,20.583311,"[10, 40, 70, 70, 50, 20, 50, 20, 70, 50, 30, 10]"
car hire delhi to shimla,40,MEDIUM,8.692881,24.369343,"[30, 40, 50, 50, 40, 30, 40, 40, 40, 30, 30, 40]"
chandigarh airport to manali taxi,40,LOW,26.074709,100.324001,"[30, 50, 10, 20, 10, 20, 40, 30, 70, 90, 30, 40]"
best taxi service in dehradun to delhi,40,LOW,22.156027,101.258436,"[40, 30, 20, 40, 30, 30, 40, 50, 40, 70, 50, 70]"
delhi airport to haridwar taxi fare,40,HIGH,10.0625,30.730894,"[20, 20, 40, 30, 20, 50, 90, 50, 30, 30, 30, 20]"
cheapest cab from dehradun to delhi,40,MEDIUM,20.136327,105.096738,"[10, 10, 30, 20, 40, 30, 40, 50, 50, 90, 30, 50]"
kasol to delhi taxi,40,LOW,7.01169,85.531255,"[30, 110, 70, 70, 50, 10, 20, 40, 40, 50, 20, 10]"
cab service from delhi to haridwar,40,HIGH,23.303668,95.768263,"[20, 30, 10, 20, 10, 10, 40, 50, 90, 90, 30, 20]"
amritsar to delhi airport taxi,40,LOW,25.347461,72.505102,"[40, 30, 30, 70, 50, 20, 10, 10, 20, 10, 10, 140]"
delhi to jammu taxi price,40,MEDIUM,8.069294,60.492302,"[30, 30, 10, 50, 50, 50, 30, 30, 90, 90, 40, 20]"
delhi to dehradun ola cab price,40,MEDIUM,3.025661,22.1136,"[50, 70, 50, 30, 20, 10, 20, 40, 40, 40, 20, 50]"
delhi airport to dehradun taxi fare,40,HIGH,9.472553,30.997743,"[40, 50, 50, 30, 30, 30, 40, 50, 70, 30, 40, 40]"
10 seater tempo traveller on rent in delhi,40,HIGH,12.777062,41.568312,"[10, 10, 10, 20, 50, 50, 50, 50, 50, 70, 30, 30]"
cheap taxi delhi to chandigarh,40,MEDIUM,27.373962,110.620888,"[30, 40, 30, 30, 70, 30, 50, 50, 40, 30, 50, 50]"
chandigarh to delhi one way taxi fare,40,MEDIUM,12.899136,147.847135,"[70, 70, 50, 50, 20, 10, 40, 30, 20, 50, 10, 40]"
delhi to chandigarh car rental,40,HIGH,18.998886,65.329214,"[20, 20, 20, 30, 50, 40, 40, 30, 50, 40, 30, 30]"
delhi to nainital taxi package,40,HIGH,11.413576,29.203916,"[20, 20, 30, 30, 40, 40, 50, 50, 70, 40, 10, 10]"
delhi to chandigarh one way taxi service,40,MEDIUM,23.277034,60.69525,"[90, 50, 30, 50, 40, 70, 40, 10, 50, 40, 20, 20]"
car hire delhi to chandigarh,40,HIGH,18.998886,65.329214,"[20, 20, 20, 30, 50, 40, 40, 30, 50, 40, 30, 30]"
delhi to manali taxi package,30,HIGH,16.655317,68.208476,"[20, 20, 30, 50, 20, 10, 30, 70, 50, 70, 10, 10]"
cheapest taxi from chandigarh to shimla,30,MEDIUM,18.389286,105.945075,"[20, 30, 40, 20, 10, 20, 30, 20, 40, 40, 20, 30]"
one way taxi from delhi to shimla,30,HIGH,9.086103,110.687507,"[10, 20, 40, 40, 20, 30, 50, 30, 50, 30, 10, 20]"
jaipur to delhi airport one way taxi,30,HIGH,20.037444,59.663412,"[10, 20, 20, 20, 20, 20, 30, 30, 40, 20, 50, 40]"
shimla manali taxi package,30,MEDIUM,10.057596,34.232186,"[30, 20, 20, 20, 30, 20, 70, 10, 50, 50, 10, 30]"
chandigarh to manali car booking,30,HIGH,26.23318,120.956169,"[10, 30, 40, 50, 40, 40, 20, 40, 70, 40, 10, 10]"
innova from delhi to manali,30,HIGH,6.048974,30.180755,"[10, 10, 10, 50, 50, 20, 20, 40, 70, 30, 10, 10]"
delhi to manali taxi fare one way,30,MEDIUM,4.42318,35.124846,"[20, 30, 20, 20, 10, 20, 10, 30, 110, 50, 20, 40]"
cab for manali tour,30,HIGH,7.866546,26.555498,"[10, 30, 40, 40, 20, 10, 30, 20, 50, 50, 10, 10]"
chandigarh airport to manali cab,30,HIGH,17.207518,98.347094,"[10, 30, 30, 40, 40, 20, 30, 40, 50, 30, 20, 30]"
chandigarh to shimla innova fare,30,MEDIUM,9.051865,46.241733,"[10, 30, 20, 30, 20, 20, 40, 30, 50, 40, 10, 20]"
kalka to manali taxi fare,30,LOW,8.84233,11.29801,"[20, 30, 70, 50, 30, 10, 10, 20, 40, 40, 10, 10]"
ambala to manali cab fare,30,MEDIUM,5.107937,40.338272,"[10, 10, 20, 40, 30, 30, 20, 40, 50, 40, 10, 20]"
ambala to manali taxi,30,HIGH,11.997453,31.233039,"[10, 10, 30, 30, 20, 20, 40, 40, 70, 40, 10, 10]"
best cab service in himachal pradesh,30,MEDIUM,9.061367,42.107947,"[10, 10, 50, 20, 20, 20, 50, 50, 70, 30, 30, 40]"
book taxi from delhi to shimla,30,LOW,8.651032,23.510181,"[10, 10, 20, 50, 70, 50, 10, 30, 30, 10, 20, 10]"
car service in manali,30,MEDIUM,18.117648,49.049006,"[10, 20, 40, 50, 40, 20, 20, 30, 40, 30, 20, 10]"
chandigarh airport to manali taxi fare,30,MEDIUM,8.683187,35.400707,"[20, 30, 40, 30, 30, 30, 40, 30, 20, 20, 10, 20]"
delhi to amritsar innova fare,30,MEDIUM,15.048636,66.372861,"[40, 30, 40, 50, 40, 40, 40, 40, 20, 30, 10, 30]"
new delhi to haridwar cab,30,HIGH,15.09375,76.150083,"[40, 30, 10, 20, 20, 10, 30, 50, 50, 40, 20, 30]"
delhi to haridwar one way taxi fare,30,HIGH,6.938162,44.463524,"[10, 20, 30, 10, 20, 40, 50, 70, 50, 50, 20, 30]"
new delhi to rishikesh cab,30,HIGH,15.550753,60.114394,"[10, 30, 20, 40, 20, 30, 30, 40, 30, 20, 10, 10]"
tempo booking in delhi,30,LOW,24.489033,55.671363,"[10, 10, 10, 110, 90, 40, 20, 10, 10, 10, 10, 10]"
dehradun to delhi car booking,30,HIGH,20.945033,101.631256,"[10, 30, 10, 40, 30, 20, 10, 20, 50, 70, 40, 30]"
haridwar to delhi car fare,30,HIGH,10.742484,114.743223,"[20, 30, 30, 30, 20, 20, 40, 30, 90, 70, 20, 10]"
delhi to amritsar taxi price,30,MEDIUM,21.946579,80.505284,"[20, 20, 40, 70, 20, 20, 10, 20, 20, 10, 10, 50]"
new delhi to haridwar car fare,30,MEDIUM,8.943367,77.66037,"[20, 30, 20, 20, 10, 10, 40, 40, 40, 30, 30, 40]"
tempo traveller delhi to shimla,30,MEDIUM,12.987949,35.218752,"[10, 10, 30, 50, 30, 20, 40, 50, 50, 30, 20, 30]"
haridwar to delhi one way taxi,30,HIGH,12.045052,101.586045,"[20, 20, 40, 40, 10, 10, 20, 10, 70, 90, 30, 10]"
ambala cantt to shimla taxi fare,30,MEDIUM,4.060612,22.542094,"[10, 20, 30, 40, 40, 20, 40, 40, 50, 30, 10, 30]"
cab haridwar to delhi,30,HIGH,12.769383,77.66037,"[20, 20, 10, 20, 10, 10, 20, 40, 50, 90, 20, 20]"
one way taxi from dehradun to delhi,30,HIGH,15.701359,101.610043,"[10, 20, 20, 40, 30, 30, 10, 30, 50, 70, 20, 30]"
delhi to haridwar taxi booking,30,HIGH,20.69239,91.528056,"[20, 20, 10, 20, 10, 20, 20, 40, 50, 40, 30, 20]"
delhi to haridwar taxi time,30,LOW,11.087852,80.505284,"[40, 40, 30, 20, 20, 10, 30, 40, 30, 30, 10, 10]"
delhi to kasol cab service,30,LOW,20.81708,110.687507,"[20, 30, 20, 40, 20, 10, 10, 30, 70, 50, 20, 20]"
new delhi to dehradun taxi fare,30,MEDIUM,6.385459,33.471661,"[10, 30, 20, 10, 20, 20, 20, 50, 40, 20, 30, 30]"
10 seater car hire in delhi,30,MEDIUM,6.742249,28.253136,"[30, 20, 30, 20, 20, 20, 40, 20, 50, 40, 10, 10]"
10 seater car rental delhi,30,MEDIUM,6.742249,28.253136,"[30, 20, 30, 20, 20, 20, 40, 20, 50, 40, 10, 10]"
16 seater tempo traveller on rent in delhi,30,LOW,12.720333,57.085757,"[10, 30, 10, 10, 50, 20, 70, 40, 20, 30, 20, 70]"
airport cabs chandigarh,30,LOW,15.603643,48.433331,"[30, 10, 20, 20, 40, 40, 30, 50, 50, 50, 30, 40]"
jammu to srinagar innova fare,30,MEDIUM,6.797561,30.093505,"[10, 40, 20, 30, 20, 20, 30, 50, 50, 70, 30, 10]"
delhi to chandigarh innova fare,30,MEDIUM,15.089993,89.176304,"[10, 30, 20, 30, 20, 30, 30, 30, 30, 20, 20, 40]"
new delhi to chandigarh cab,30,HIGH,23.031984,95.596356,"[30, 30, 40, 50, 30, 30, 40, 30, 30, 20, 20, 20]"
delhi to mussoorie car rental,30,HIGH,7.313577,32.804601,"[10, 20, 20, 30, 20, 10, 20, 30, 50, 40, 50, 50]"
cab for nainital from delhi,30,HIGH,9.142091,34.002398,"[10, 20, 10, 30, 20, 30, 20, 30, 70, 50, 20, 20]"
cab from srinagar to jammu,30,HIGH,4.676869,24.219415,"[10, 20, 10, 70, 50, 20, 20, 20, 30, 50, 50, 20]"
car fare from delhi to mussoorie,30,HIGH,7.38163,27.147149,"[10, 30, 40, 30, 40, 40, 40, 40, 30, 30, 20, 40]"
chandigarh to delhi innova taxi,30,HIGH,,,"[140, 70, 50, 10, 20, 10, 0, 20, 10, 10, 10, 10]"
char dham yatra car booking,30,MEDIUM,5.483815,22.420368,"[30, 20, 10, 10, 10, 10, 50, 70, 70, 40, 20, 10]"
chandigarh to manali car package,20,HIGH,10.062779,35.964235,"[20, 20, 20, 20, 20, 10, 30, 30, 30, 30, 10, 10]"
delhi to agra round trip taxi fare,20,HIGH,16.741415,36.951729,"[110, 50, 20, 10, 10, 10, 20, 10, 10, 10, 10, 10]"
one way taxi service from chandigarh to delhi airport,20,MEDIUM,,,"[70, 20, 40, 10, 0, 0, 10, 10, 10, 20, 10, 10]"
chandigarh to manali taxi fare round trip,20,MEDIUM,,,"[10, 20, 20, 20, 10, 10, 30, 20, 30, 10, 10, 10]"
manali to amritsar cab,20,HIGH,50.361409,80.628935,"[10, 20, 30, 20, 20, 10, 20, 30, 40, 30, 10, 10]"
best cab service from chandigarh to manali,20,HIGH,23.102149,99.623983,"[0, 10, 10, 20, 10, 10, 10, 30, 70, 50, 20, 10]"
delhi to manali taxi fare round trip,20,MEDIUM,8.023962,58.33114,"[10, 20, 10, 20, 20, 20, 40, 20, 30, 40, 10, 10]"
manali local sightseeing car fare,20,HIGH,,,"[10, 20, 30, 30, 40, 10, 10, 10, 10, 10, 0, 10]"
taxi from manali to delhi,20,HIGH,15.996092,120.813439,"[10, 10, 20, 40, 30, 10, 20, 20, 30, 50, 10, 10]"
delhi to shimla car booking,20,MEDIUM,12.053979,40.241555,"[10, 10, 10, 10, 10, 10, 30, 30, 40, 10, 10, 10]"
chandigarh to manali cab charges,20,MEDIUM,3.996719,39.755451,"[10, 10, 20, 20, 20, 10, 20, 40, 30, 20, 10, 10]"
taxi for shimla from chandigarh,20,HIGH,20.118456,97.420263,"[20, 10, 30, 20, 70, 20, 20, 40, 20, 20, 10, 10]"
shimla to chandigarh taxi sharing,20,MEDIUM,12.251141,25.947625,"[20, 30, 20, 20, 20, 10, 10, 20, 10, 10, 20, 10]"
chandigarh to manali taxi booking,20,HIGH,6.774141,120.469045,"[10, 10, 20, 10, 10, 10, 20, 40, 50, 50, 10, 10]"
manali local sightseeing taxi fare,20,LOW,,,"[10, 30, 30, 10, 20, 10, 30, 30, 40, 20, 10, 10]"
book cab from chandigarh to manali,20,HIGH,19.774733,106.843591,"[10, 10, 30, 20, 20, 10, 10, 20, 30, 10, 10, 10]"
haldwani to delhi cab booking,20,MEDIUM,14.411667,58.551233,"[10, 30, 10, 10, 40, 10, 10, 10, 10, 30, 10, 10]"
dharamshala to pathankot taxi,20,LOW,5.76649,13.484548,"[20, 30, 40, 20, 20, 10, 20, 40, 40, 20, 20, 20]"
ambala cantt to manali taxi fare,20,MEDIUM,7.51169,27.123153,"[10, 10, 20, 20, 30, 20, 20, 40, 50, 40, 10, 10]"
ambala to manali car fare,20,MEDIUM,4.82363,20.828745,"[10, 20, 10, 20, 10, 10, 20, 20, 30, 30, 10, 20]"
bhagsu nag taxi stand,20,LOW,,,"[20, 20, 10, 20, 10, 10, 20, 20, 20, 30, 10, 20]"
bhuntar to manali taxi fare,20,MEDIUM,2.554736,19.601288,"[10, 20, 20, 20, 10, 10, 10, 20, 30, 40, 10, 10]"
book cab in manali,20,HIGH,8.501295,30.225868,"[10, 10, 20, 30, 40, 10, 10, 20, 30, 50, 10, 10]"
book taxi from chandigarh to manali,20,HIGH,,,"[10, 20, 10, 20, 20, 20, 10, 20, 30, 20, 10, 10]"
book taxi in manali,20,MEDIUM,4.414062,18.924882,"[10, 10, 10, 30, 30, 20, 40, 30, 40, 30, 10, 10]"
cab booking for himachal tour,20,HIGH,9.9284,43.07202,"[10, 10, 10, 10, 10, 20, 20, 20, 20, 20, 10, 10]"
cab for chandigarh to shimla,20,HIGH,20.118456,97.420263,"[20, 10, 30, 20, 70, 20, 20, 40, 20, 20, 10, 10]"
cab for delhi to shimla,20,MEDIUM,10.988266,45.259327,"[10, 10, 10, 30, 30, 20, 20, 30, 30, 10, 20, 10]"
cab for manali sightseeing,20,MEDIUM,12.911518,45.055359,"[10, 20, 40, 30, 30, 10, 10, 10, 20, 20, 10, 10]"
cab for shimla from chandigarh,20,HIGH,20.118456,97.420263,"[20, 10, 30, 20, 70, 20, 20, 40, 20, 20, 10, 10]"
cab from kalka to manali,20,MEDIUM,9.642077,23.367068,"[10, 20, 10, 40, 20, 10, 30, 20, 50, 20, 10, 10]"
cab price from chandigarh to manali,20,HIGH,3.795534,23.687274,"[10, 10, 20, 20, 20, 10, 20, 10, 20, 110, 10, 10]"
cab service delhi to shimla,20,MEDIUM,10.988266,45.259327,"[10, 10, 10, 30, 30, 20, 20, 30, 30, 10, 20, 10]"
car rental from delhi to shimla,20,MEDIUM,6.59916,26.857274,"[10, 20, 10, 20, 20, 10, 20, 20, 40, 30, 10, 10]"
car rental manali to leh,20,MEDIUM,7.036852,67.657714,"[10, 10, 10, 10, 10, 10, 20, 30, 40, 40, 20, 30]"
delhi to jammu innova fare,20,MEDIUM,,,"[10, 30, 10, 30, 30, 20, 30, 20, 20, 10, 10, 10]"
dehradun to delhi cab innova,20,MEDIUM,26.846805,150.436832,"[30, 20, 30, 20, 20, 30, 10, 20, 10, 10, 10, 20]"
12 seater tempo traveller on rent delhi,20,MEDIUM,16.627459,30.174063,"[20, 30, 10, 10, 20, 10, 20, 20, 90, 20, 20, 20]"
new delhi to haridwar taxi,20,HIGH,15.884314,90.669149,"[30, 10, 30, 10, 10, 10, 30, 20, 50, 20, 20, 10]"
taxi service delhi to haridwar,20,HIGH,30.934102,101.828801,"[10, 10, 10, 10, 20, 10, 20, 30, 40, 30, 10, 20]"
taxi service in dehradun to delhi,20,LOW,,,"[10, 10, 20, 10, 20, 10, 30, 20, 10, 10, 10, 10]"
haridwar to new delhi taxi fare,20,HIGH,8.588881,53.956524,"[10, 20, 20, 10, 20, 10, 20, 20, 40, 30, 10, 20]"
shimla car booking,20,MEDIUM,10.063172,26.27596,"[10, 20, 20, 30, 20, 20, 20, 20, 20, 40, 10, 20]"
delhi to haridwar taxi one way,20,HIGH,18.090999,73.748828,"[20, 10, 10, 10, 10, 10, 20, 30, 30, 30, 20, 10]"
delhi cab service for outstation,20,HIGH,13.76709,34.04145,"[10, 10, 20, 40, 40, 40, 20, 20, 30, 20, 10, 30]"
cab in shimla for sightseeing,20,MEDIUM,,,"[10, 10, 20, 40, 30, 10, 10, 20, 30, 30, 10, 10]"
one way cab from delhi to haridwar,20,HIGH,18.090999,73.748828,"[20, 10, 10, 10, 10, 10, 20, 30, 30, 30, 20, 10]"
delhi to dehradun cab cost,20,MEDIUM,12.922677,30.185102,"[30, 10, 10, 10, 10, 10, 10, 30, 20, 20, 10, 10]"
delhi to haridwar uber fare,20,LOW,,,"[10, 20, 10, 10, 10, 10, 40, 50, 40, 50, 10, 10]"
taxi from amritsar to delhi airport,20,MEDIUM,30.174063,100.580275,"[20, 30, 10, 10, 20, 20, 10, 20, 10, 10, 10, 20]"
tempo traveller on rent delhi to manali,20,HIGH,11.159652,34.038858,"[10, 10, 10, 10, 30, 10, 30, 20, 30, 30, 10, 10]"
12 seater luxury tempo traveller in delhi,20,LOW,,,"[10, 20, 10, 10, 10, 20, 30, 20, 30, 30, 10, 20]"
15 seater tempo traveller on rent in delhi,20,MEDIUM,13.413947,42.305217,"[10, 10, 10, 30, 20, 10, 20, 10, 30, 20, 10, 10]"
20 seater tempo traveller hire in delhi,20,LOW,,,"[10, 20, 10, 10, 20, 70, 20, 30, 10, 20, 50, 20]"
25 seater tempo traveller on rent in delhi,20,MEDIUM,12.832735,49.477017,"[20, 20, 20, 30, 20, 10, 10, 10, 20, 20, 10, 20]"
7 seater innova on rent,20,MEDIUM,6.478856,19.764563,"[10, 30, 20, 40, 20, 10, 10, 20, 30, 20, 20, 10]"
9 seater car for rent in delhi,20,HIGH,5.031538,40.194713,"[30, 30, 20, 50, 30, 20, 20, 10, 30, 30, 10, 10]"
amritsar to delhi car fare,20,MEDIUM,6.639637,70.850832,"[20, 10, 10, 40, 10, 10, 20, 20, 20, 20, 10, 30]"
book cab for outstation from delhi,20,HIGH,13.514544,46.028717,"[20, 30, 40, 10, 20, 40, 10, 10, 10, 10, 10, 10]"
delhi chandigarh taxi one way,20,HIGH,25.097773,120.469045,"[30, 30, 20, 30, 10, 10, 20, 10, 20, 10, 20, 20]"
new delhi to chandigarh taxi fare,20,HIGH,5.738751,50.310537,"[20, 30, 20, 30, 20, 20, 40, 30, 30, 30, 10, 20]"
cab for chardham yatra,20,MEDIUM,6.67518,26.811106,"[10, 10, 10, 10, 10, 10, 70, 30, 30, 20, 10, 20]"
chandigarh to delhi one side taxi,20,LOW,,,"[20, 10, 30, 20, 10, 30, 20, 10, 10, 40, 20, 20]"
chandigarh to delhi shared taxi,20,MEDIUM,,,"[20, 20, 20, 20, 10, 20, 20, 10, 20, 30, 10, 10]"
chandigarh to new delhi cab,20,HIGH,16.995104,99.621295,"[10, 20, 10, 20, 10, 10, 20, 10, 20, 20, 20, 10]"
chandigarh to new delhi taxi,20,HIGH,16.995104,99.621295,"[10, 20, 10, 20, 10, 10, 20, 10, 20, 20, 20, 10]"
chandigarh to manali car rental per km,10,HIGH,,,"[20, 10, 10, 10, 10, 10, 10, 10, 10, 10, 10, 10]"
chandigarh to shimla taxi fare round trip,10,HIGH,12.072033,55.840521,"[10, 10, 20, 10, 10, 20, 10, 20, 20, 20, 10, 10]"
pathankot to dharamshala taxi price,10,MEDIUM,3.328663,34.777861,"[10, 10, 10, 20, 10, 10, 10, 10, 20, 20, 10, 10]"
chandigarh to shimla cheap taxi,10,,,,"[0, 0, 0, 0, 0, 0, 0, 0, 0, 10, 0, 0]"
agra to delhi airport taxi one way,10,HIGH,15.774078,151.059561,"[10, 30, 20, 10, 10, 20, 20, 10, 20, 10, 10, 10]"
24 hrs taxi service in manali,10,,,,"[10, 10, 10, 10, 10, 10, 10, 0, 0, 10, 0, 0]"
new delhi to manali cab,10,HIGH,1.214978,28.135507,"[10, 10, 20, 20, 20, 10, 30, 10, 20, 10, 10, 10]"
chandigarh to manali taxi tour packages,10,,,,"[10, 10, 10, 10, 20, 30, 20, 20, 10, 20, 10, 0]"
one way taxi patiala to delhi,10,MEDIUM,,,"[10, 10, 10, 10, 20, 10, 20, 10, 10, 10, 10, 10]"
cab for chandigarh to manali,10,HIGH,,,"[10, 10, 10, 10, 20, 10, 10, 10, 10, 10, 10, 10]"
one way taxi from delhi to vrindavan,10,HIGH,14.882858,44.154059,"[10, 20, 40, 30, 10, 20, 10, 10, 10, 10, 10, 10]"
pathankot to dalhousie taxi package,10,MEDIUM,3.776625,34.12641,"[10, 10, 10, 10, 10, 10, 10, 10, 20, 10, 10, 10]"
pathankot to manali taxi fare,10,MEDIUM,1.745199,11.576366,"[10, 20, 20, 20, 20, 10, 10, 20, 20, 20, 10, 10]"
chandigarh to manali cab rent,10,,,,"[0, 10, 10, 10, 10, 10, 10, 10, 10, 10, 10, 0]"
shimla to new delhi taxi service,10,,,,"[10, 0, 10, 10, 0, 10, 10, 10, 10, 10, 10, 0]"
one way taxi from delhi airport to patiala,10,HIGH,10.243327,65.368568,"[10, 10, 10, 10, 10, 10, 40, 10, 10, 10, 10, 10]"
chandigarh to manali car service,10,HIGH,,,"[0, 10, 10, 10, 10, 10, 10, 10, 10, 10, 10, 10]"
taxi service patiala to delhi,10,MEDIUM,12.038726,70.571627,"[10, 10, 10, 10, 20, 10, 20, 10, 10, 10, 10, 10]"
taxi from delhi to shimla and manali,10,MEDIUM,,,"[10, 10, 10, 10, 10, 10, 10, 20, 10, 10, 0, 10]"
chandigarh to manali cab sharing,10,HIGH,,,"[10, 10, 10, 10, 10, 0, 10, 10, 10, 10, 10, 10]"
chandigarh to shimla cab sharing,10,MEDIUM,,,"[10, 10, 0, 0, 10, 10, 0, 10, 10, 10, 10, 10]"
taxi service in shimla and manali,10,,,,"[10, 20, 10, 10, 10, 0, 10, 10, 10, 10, 0, 0]"
agra to delhi one way taxi service,10,MEDIUM,,,"[0, 0, 10, 10, 0, 10, 10, 10, 10, 10, 0, 10]"
ambala to manali car package,10,,,,"[0, 0, 0, 0, 10, 0, 10, 0, 0, 0, 0, 0]"
ambala to manali taxi service,10,MEDIUM,,,"[10, 10, 10, 10, 10, 10, 10, 20, 10, 10, 10, 10]"
baddi to manali taxi fare,10,LOW,,,"[10, 10, 10, 10, 10, 10, 10, 10, 10, 10, 10, 10]"
best taxi service from chandigarh to manali,10,HIGH,,,"[10, 10, 10, 10, 10, 10, 10, 10, 10, 10, 10, 10]"
best taxi service in chandigarh to manali,10,MEDIUM,,,"[10, 10, 10, 20, 10, 10, 10, 10, 10, 10, 10, 10]"
bhuntar airport to manali taxi fare,10,LOW,,,"[10, 10, 20, 20, 10, 10, 20, 10, 10, 10, 10, 10]"
bhuntar to manali taxi,10,HIGH,,,"[0, 10, 10, 10, 10, 0, 10, 10, 10, 10, 10, 10]"
book cab for manali sightseeing,10,HIGH,9.053977,49.079722,"[10, 10, 20, 20, 10, 10, 20, 10, 10, 20, 10, 10]"
book cab from delhi to shimla,10,,,,"[20, 10, 10, 10, 10, 10, 10, 10, 10, 10, 10, 0]"
book cab from kalka to shimla,10,HIGH,5.037292,49.555519,"[10, 10, 10, 10, 10, 10, 10, 10, 10, 10, 10, 10]"
book taxi for rohtang pass from manali,10,,,,"[0, 10, 10, 20, 0, 0, 10, 10, 30, 20, 10, 0]"
book taxi from manali to rohtang pass,10,LOW,,,"[0, 10, 10, 20, 10, 10, 10, 10, 40, 20, 10, 10]"
cab booking for manali,10,HIGH,4.710463,19.112821,"[10, 10, 10, 20, 10, 10, 10, 10, 10, 10, 10, 10]"
cab charges from kalka to shimla,10,MEDIUM,,,"[0, 10, 10, 10, 10, 10, 10, 10, 10, 10, 10, 10]"
cab charges in manali,10,MEDIUM,,,"[10, 10, 20, 10, 10, 10, 10, 10, 10, 10, 10, 10]"
cab cost from chandigarh to manali,10,HIGH,6.429459,49.639122,"[10, 10, 10, 10, 10, 10, 10, 20, 20, 10, 10, 10]"
cab fare for manali sightseeing,10,MEDIUM,,,"[10, 10, 10, 10, 10, 10, 10, 10, 10, 10, 10, 10]"
cab for delhi to manali,10,MEDIUM,45.128691,80.619529,"[10, 10, 10, 20, 10, 10, 10, 10, 20, 20, 10, 10]"
cab for himachal tour,10,LOW,,,"[10, 10, 10, 10, 20, 10, 10, 10, 10, 10, 10, 10]"
cab for himachal tour from chandigarh,10,MEDIUM,,,"[10, 10, 10, 10, 10, 10, 10, 10, 40, 10, 10, 10]"
cab for local sightseeing in manali,10,LOW,,,"[0, 10, 10, 10, 20, 10, 10, 20, 20, 10, 10, 10]"
cab for sightseeing in manali,10,MEDIUM,11.215559,18.985737,"[10, 10, 20, 20, 10, 0, 10, 10, 10, 10, 10, 10]"
cab from chandigarh airport to manali,10,HIGH,16.850934,54.712697,"[10, 10, 10, 10, 10, 10, 10, 10, 10, 10, 10, 10]"
cab from delhi to agra one way,10,,,,"[10, 0, 0, 10, 10, 0, 10, 0, 0, 0, 0, 0]"
cab from delhi to manali round trip,10,HIGH,9.761098,70.224065,"[10, 10, 20, 20, 20, 10, 10, 20, 30, 20, 10, 10]"
cab from leh to manali,10,HIGH,3.861476,32.725893,"[10, 10, 10, 10, 0, 0, 10, 10, 20, 20, 10, 10]"
cab from manali to spiti,10,HIGH,,,"[0, 0, 10, 10, 0, 10, 0, 10, 10, 10, 0, 10]"
cab hire in manali,10,LOW,,,"[0, 0, 10, 10, 10, 0, 10, 10, 10, 20, 70, 10]"
cab package in manali,10,HIGH,,,"[10, 10, 10, 10, 10, 10, 10, 10, 10, 10, 10, 10]"
cab price from chandigarh to shimla,10,HIGH,4.72035,34.093392,"[10, 10, 10, 20, 20, 10, 10, 10, 20, 20, 10, 10]"
cab price from delhi to manali,10,HIGH,3.594734,26.405089,"[10, 10, 10, 30, 10, 10, 10, 10, 10, 10, 10, 10]"
cab rates in manali,10,,,,"[10, 0, 10, 10, 10, 10, 10, 10, 10, 10, 0, 0]"
cab service kalka to shimla,10,LOW,,,"[0, 0, 0, 10, 10, 0, 10, 0, 10, 10, 0, 10]"
car booking for himachal tour,10,HIGH,8.065331,33.042452,"[0, 10, 10, 10, 0, 10, 10, 10, 10, 10, 10, 10]"
car fare from manali to rohtang pass,10,,,,"[0, 0, 0, 10, 0, 0, 0, 0, 0, 0, 0, 0]"
car hire from delhi to shimla manali,10,HIGH,,,"[10, 10, 10, 10, 10, 20, 10, 10, 10, 10, 10, 10]"
car rental from chandigarh to himachal,10,,,,"[0, 0, 0, 0, 0, 10, 0, 0, 10, 0, 0, 0]"
carpool from chandigarh to manali,10,,,,"[0, 0, 0, 10, 0, 0, 0, 10, 10, 10, 10, 0]"
chamba to bharmour taxi fare,10,LOW,1.84224,13.657705,"[10, 10, 10, 10, 10, 10, 10, 10, 10, 20, 10, 10]"
chamba to khajjiar taxi fare,10,LOW,,,"[10, 10, 10, 10, 20, 10, 10, 10, 20, 20, 10, 10]"
chandigarh airport to manali by car,10,LOW,,,"[0, 10, 10, 10, 10, 10, 10, 10, 10, 10, 10, 10]"
chandigarh airport to shimla prepaid taxi fare,10,HIGH,,,"[10, 10, 10, 10, 0, 10, 10, 10, 10, 0, 0, 10]"
chandigarh railway station to manali taxi,10,LOW,,,"[20, 40, 10, 10, 10, 10, 20, 20, 10, 10, 10, 10]"
chandigarh shimla helicopter booking,10,LOW,,,"[10, 10, 10, 10, 70, 20, 10, 20, 10, 10, 10, 10]"
garhwal taxi service delhi to dehradun,10,HIGH,,,"[50, 50, 10, 10, 10, 10, 10, 10, 10, 10, 10, 10]"
delhi to haridwar taxi round trip,10,,,,"[10, 20, 10, 10, 10, 10, 10, 10, 0, 10, 0, 0]"
delhi to dehradun taxi cost,10,MEDIUM,10.068355,29.495231,"[30, 20, 20, 10, 10, 10, 10, 10, 10, 10, 10, 10]"
tempo traveller on rent dwarka,10,MEDIUM,16.006508,38.469603,"[10, 10, 10, 10, 10, 10, 10, 10, 10, 10, 0, 30]"
one way taxi from haridwar to delhi,10,HIGH,,,"[10, 10, 10, 0, 10, 10, 10, 10, 20, 10, 10, 10]"
innova taxi delhi to dehradun,10,LOW,,,"[10, 10, 20, 10, 10, 10, 10, 10, 10, 10, 10, 10]"
delhi haridwar rishikesh taxi service,10,,,,"[0, 10, 10, 10, 10, 10, 10, 10, 10, 10, 10, 0]"
dehradun to delhi taxi cost,10,HIGH,,,"[10, 10, 10, 10, 10, 10, 10, 10, 10, 10, 0, 10]"
rishikesh to delhi cab one way,10,,,,"[0, 10, 10, 10, 10, 10, 10, 10, 10, 10, 0, 0]"
delhi to jammu car fare,10,HIGH,,,"[10, 10, 10, 10, 0, 10, 0, 10, 10, 10, 0, 10]"
haridwar to delhi airport cab,10,HIGH,8.407846,34.640996,"[10, 20, 10, 10, 10, 10, 10, 20, 20, 10, 10, 10]"
gts cab delhi to dehradun,10,MEDIUM,14.777372,39.345596,"[20, 20, 20, 10, 10, 10, 10, 10, 10, 20, 10, 10]"
delhi to haridwar taxi cost,10,HIGH,6.707213,78.640031,"[10, 10, 10, 10, 10, 10, 10, 10, 10, 10, 10, 10]"
innova taxi from delhi to amritsar,10,HIGH,22.673214,75.453012,"[0, 10, 10, 10, 10, 20, 20, 20, 10, 10, 10, 10]"
18 seater tempo traveller in delhi,10,LOW,,,"[30, 10, 40, 20, 10, 10, 10, 10, 10, 10, 10, 10]"
delhi to amritsar cab booking rate,10,HIGH,,,"[10, 10, 10, 10, 0, 10, 10, 10, 10, 10, 10, 10]"
book cab from delhi to dehradun,10,HIGH,21.906072,59.862424,"[10, 10, 10, 10, 10, 10, 10, 20, 20, 10, 10, 10]"
traveller for rent in delhi,10,HIGH,,,"[30, 10, 10, 10, 10, 10, 10, 10, 10, 10, 10, 10]"
garhwal taxi delhi to dehradun,10,,,,"[0, 10, 0, 0, 0, 0, 0, 0, 10, 10, 0, 0]"
garhwal taxi service dehradun to delhi,10,MEDIUM,,,"[10, 10, 10, 10, 10, 10, 10, 10, 10, 10, 0, 10]"
delhi to katra tempo traveller on rent,10,HIGH,,,"[10, 10, 10, 10, 10, 10, 10, 10, 10, 10, 10, 10]"
delhi to jammu katra taxi service,10,,,,"[10, 10, 10, 10, 0, 10, 10, 10, 10, 10, 10, 0]"
10 seater car for rent in delhi,10,MEDIUM,10.262925,24.850335,"[20, 30, 20, 20, 20, 10, 20, 10, 10, 10, 10, 10]"
10 seater tempo traveller hire in delhi,10,HIGH,,,"[10, 10, 10, 10, 0, 10, 10, 10, 10, 10, 10, 10]"
12 seater tempo traveller on rent in delhi to rishikesh,10,HIGH,12.062138,27.545603,"[10, 10, 10, 10, 0, 10, 10, 10, 30, 20, 20, 10]"
12 seater tempo traveller rent in delhi,10,LOW,12.421616,42.265286,"[10, 10, 10, 10, 10, 10, 10, 10, 20, 20, 10, 10]"
12 seater van rental in delhi,10,HIGH,,,"[0, 10, 10, 0, 0, 10, 10, 10, 10, 10, 0, 10]"
14 seater tempo traveller hire in delhi,10,,,,"[10, 10, 10, 10, 10, 10, 10, 0, 10, 0, 10, 0]"
14 seater tempo traveller in delhi,10,LOW,,,"[20, 10, 10, 10, 10, 10, 0, 10, 0, 10, 10, 10]"
14 seater tempo traveller on rent in delhi,10,LOW,,,"[10, 20, 10, 10, 0, 0, 0, 30, 10, 20, 10, 10]"
15 seater tempo traveller hire in delhi,10,HIGH,,,"[10, 10, 10, 10, 0, 10, 10, 10, 10, 0, 0, 10]"
17 seater tempo traveller on rent in delhi,10,LOW,,,"[10, 10, 20, 20, 10, 10, 10, 30, 30, 20, 10, 10]"
18 seater tempo traveller hire in delhi,10,,,,"[0, 0, 10, 10, 10, 0, 0, 10, 10, 0, 0, 0]"
7 seater innova car hire,10,,,,"[10, 0, 10, 10, 0, 10, 0, 0, 0, 0, 0, 0]"
8 seater tempo traveller for rent in delhi,10,,,,"[10, 0, 10, 10, 10, 10, 10, 10, 10, 10, 10, 0]"
9 seater car on rent in delhi,10,MEDIUM,,,"[10, 10, 10, 10, 10, 10, 10, 10, 10, 10, 10, 10]"
9 seater car rental delhi,10,,,,"[10, 10, 10, 10, 10, 10, 10, 10, 10, 0, 10, 0]"
9 seater car rental in delhi,10,MEDIUM,,,"[0, 0, 0, 10, 10, 10, 10, 10, 10, 10, 10, 10]"
airport taxi service chandigarh,10,MEDIUM,,,"[10, 10, 10, 10, 10, 10, 10, 10, 10, 10, 0, 10]"
ambala cantt to chandigarh airport taxi fare,10,MEDIUM,3.320154,23.650956,"[10, 10, 10, 10, 20, 10, 10, 20, 10, 10, 10, 10]"
ambala cantt to shimla taxi,10,MEDIUM,4.504176,50.326709,"[10, 10, 10, 10, 10, 10, 10, 10, 10, 10, 10, 10]"
amritsar to new delhi taxi service,10,,,,"[10, 0, 0, 10, 0, 0, 0, 0, 0, 10, 0, 0]"
best airport taxi service in chandigarh,10,,,,"[10, 10, 0, 0, 10, 0, 10, 10, 0, 0, 0, 0]"
best chandigarh airport taxi service,10,,,,"[10, 10, 0, 10, 0, 0, 10, 10, 10, 0, 0, 0]"
best outstation cabs in delhi,10,HIGH,,,"[10, 10, 10, 10, 10, 10, 10, 10, 10, 10, 10, 10]"
bhuntar to chandigarh taxi,10,,,,"[10, 10, 10, 10, 10, 10, 10, 10, 10, 10, 10, 0]"
book ac tempo traveller on rent in delhi new delhi,10,,,,"[10, 0, 0, 0, 0, 0, 10, 10, 0, 10, 10, 0]"
book cab delhi to rishikesh,10,HIGH,16.602406,79.426467,"[10, 10, 10, 10, 10, 10, 20, 20, 30, 10, 10, 10]"
book cab from chandigarh to shimla,10,LOW,19.850665,36.493098,"[10, 10, 10, 10, 10, 10, 10, 30, 10, 20, 10, 10]"
book cab from dehradun to delhi,10,HIGH,,,"[10, 10, 10, 10, 10, 10, 10, 10, 10, 10, 10, 10]"
book cab from delhi to haridwar,10,HIGH,20.058289,93.270828,"[10, 10, 10, 10, 10, 10, 10, 10, 30, 20, 10, 10]"
book cab from delhi to jammu,10,HIGH,,,"[10, 10, 10, 10, 10, 10, 10, 10, 10, 10, 10, 10]"
delhi to mussoorie taxi package,10,MEDIUM,2.753521,27.928371,"[10, 10, 10, 10, 10, 10, 10, 10, 10, 10, 10, 10]"
one side taxi delhi to chandigarh,10,HIGH,21.56207,122.719606,"[20, 10, 10, 10, 10, 20, 10, 10, 10, 10, 10, 10]"
delhi to chandigarh taxi booking,10,HIGH,,,"[10, 10, 10, 10, 10, 30, 10, 10, 10, 10, 10, 10]"
delhi to chandigarh cab one way,10,HIGH,23.144959,147.847135,"[20, 20, 20, 20, 10, 10, 10, 10, 10, 10, 10, 10]"
delhi to chandigarh taxi charges,10,HIGH,,,"[10, 0, 10, 10, 10, 10, 10, 10, 10, 10, 10, 10]"
chandigarh to delhi cab innova,10,LOW,,,"[10, 10, 10, 10, 10, 0, 10, 10, 10, 10, 0, 10]"
delhi to kedarnath cab fare,10,LOW,,,"[40, 20, 10, 10, 20, 10, 10, 20, 20, 10, 10, 10]"
best taxi service from delhi to chandigarh,10,HIGH,,,"[10, 10, 10, 10, 10, 10, 0, 10, 10, 0, 10, 10]"
innova taxi delhi to chandigarh,10,HIGH,23.87742,64.385106,"[10, 10, 10, 10, 10, 10, 10, 10, 10, 10, 10, 10]"
one way taxi service from delhi to chandigarh,10,HIGH,35.682615,151.195188,"[10, 10, 10, 20, 10, 10, 10, 10, 10, 0, 10, 10]"
delhi to mussoorie taxi price,10,MEDIUM,17.054614,60.994052,"[10, 10, 20, 20, 10, 10, 10, 10, 10, 10, 10, 10]"
book a cab from delhi to chandigarh,10,HIGH,,,"[10, 10, 10, 10, 10, 10, 0, 10, 10, 10, 0, 10]"
book cab delhi to chandigarh,10,HIGH,24.347171,113.55083,"[20, 10, 20, 10, 10, 10, 10, 10, 10, 10, 10, 10]"
book cab from chandigarh to delhi,10,LOW,,,"[10, 10, 10, 10, 10, 10, 0, 10, 10, 10, 10, 10]"
book cab from delhi to mussoorie,10,HIGH,12.686337,48.417425,"[10, 10, 10, 10, 10, 10, 10, 10, 10, 10, 10, 10]"
book cab from delhi to nainital,10,MEDIUM,14.520418,34.372132,"[10, 10, 10, 10, 10, 10, 10, 10, 10, 20, 10, 10]"
book cab from jammu to srinagar,10,HIGH,3.589263,58.262319,"[10, 10, 10, 10, 20, 10, 20, 10, 10, 30, 10, 10]"
book cab from srinagar to gulmarg,10,LOW,5.277255,39.497923,"[0, 10, 10, 10, 10, 10, 10, 10, 10, 20, 10, 10]"
book taxi from chandigarh to delhi,10,HIGH,,,"[10, 10, 10, 10, 10, 10, 20, 10, 10, 10, 30, 10]"
cab booking for char dham yatra,10,MEDIUM,6.285673,17.749546,"[10, 10, 10, 10, 10, 10, 20, 50, 40, 10, 10, 10]"
cab booking from jammu to srinagar,10,HIGH,2.752273,16.471793,"[0, 10, 10, 10, 10, 10, 10, 10, 10, 10, 10, 10]"
cab charges from jammu to srinagar,10,MEDIUM,8.549479,63.106394,"[10, 10, 10, 10, 10, 10, 10, 10, 10, 10, 10, 10]"
cab for chandigarh to delhi,10,,,,"[0, 10, 10, 10, 10, 10, 10, 10, 0, 10, 10, 0]"
cab from igi airport delhi to chandigarh,10,HIGH,25.155268,60.843931,"[10, 10, 10, 10, 10, 0, 10, 10, 10, 10, 10, 10]"
chandigarh to delhi cab charges,10,HIGH,,,"[10, 10, 10, 10, 10, 10, 10, 10, 10, 10, 10, 10]"
chandigarh to delhi cab rates,10,HIGH,,,"[0, 10, 10, 0, 0, 0, 0, 0, 0, 0, 10, 10]"
chandigarh to delhi one way cab service,10,MEDIUM,24.69646,227.231817,"[20, 10, 10, 10, 10, 10, 40, 20, 10, 20, 20, 10]"
chandigarh to delhi one way taxi taxi service in chandigarh,10,,,,"[10, 10, 0, 0, 0, 0, 0, 0, 0, 0, 0, 0]"
chandigarh to new delhi taxi fare,10,HIGH,17.026587,50.310537,"[10, 20, 20, 20, 20, 10, 20, 10, 10, 20, 10, 10]"
char dham yatra cab booking,10,LOW,2.005702,11.881311,"[10, 10, 10, 10, 10, 10, 10, 50, 30, 10, 10, 10]"
book shimla taxi service www shimlataxi in shimla himachal pradesh,0,,,,"[0, 0, 0, 0, 0, 0, 0, 0, 0, 0, 0, 0]"
car hire from shimla to spiti,0,,,,"[0, 0, 0, 0, 0, 0, 0, 0, 0, 0, 0, 0]"
bharat taxi srinagar jammu and kashmir,0,,,,"[0, 0, 0, 0, 0, 0, 0, 0, 0, 0, 0, 0]"
haridwar to delhi taxi,170,MEDIUM,20.35,101.82,"[140, 170, 90, 90, 110, 110, 140, 210, 260, 320, 170, 210]"
delhi to haridwar ola cab price,110,MEDIUM,3.62,23.7,"[110, 110, 70, 40, 70, 70, 110, 170, 260, 260, 20, 20]"
delhi to rishikesh cab booking,1900,MEDIUM,12.38,52.55,(2026-10-01 Keyword Planner IN)
delhi to rishikesh taxi fare,390,HIGH,6.54,30.99,(2026-10-01 Keyword Planner IN)
delhi to rishikesh cab price,390,HIGH,6.54,30.99,(2026-10-01 Keyword Planner IN)
delhi to rishikesh cab fare,260,MEDIUM,7.57,31.65,(2026-10-01 Keyword Planner IN)
cab charges from delhi to rishikesh,260,MEDIUM,7.57,31.65,(2026-10-01 Keyword Planner IN)
delhi to rishikesh cab cost,260,MEDIUM,7.57,31.65,(2026-10-01 Keyword Planner IN)
delhi to rishikesh cab service,260,MEDIUM,19.89,95.15,(2026-10-01 Keyword Planner IN)
rishikesh to delhi taxi service,260,MEDIUM,19.89,95.15,(2026-10-01 Keyword Planner IN)
taxi for rishikesh from delhi,260,MEDIUM,19.89,95.15,(2026-10-01 Keyword Planner IN)
cab for rishikesh from delhi,260,MEDIUM,19.89,95.15,(2026-10-01 Keyword Planner IN)
cab rishikesh to delhi,590,HIGH,15.02,94.01,(2026-10-01 Keyword Planner IN)
delhi to rishikesh car,170,MEDIUM,12.77,39.19,(2026-10-01 Keyword Planner IN)
delhi to rishikesh car booking,170,MEDIUM,12.77,39.19,(2026-10-01 Keyword Planner IN)
cab from noida to rishikesh,90,MEDIUM,9.45,69.91,(2026-10-01 Keyword Planner IN)
delhi airport to rishikesh taxi,70,MEDIUM,12.04,44.88,(2026-10-01 Keyword Planner IN)
delhi airport to rishikesh cab,70,MEDIUM,12.04,44.88,(2026-10-01 Keyword Planner IN)
delhi to rishikesh car rental,50,HIGH,6.5,44.91,(2026-10-01 Keyword Planner IN)
delhi to rishikesh innova fare,40,MEDIUM,14.07,50.77,(2026-10-01 Keyword Planner IN)
delhi airport to rishikesh taxi price,30,HIGH,6.94,31.08,(2026-10-01 Keyword Planner IN)
delhi to rishikesh taxi price,20,HIGH,3.82,28.09,(2026-10-01 Keyword Planner IN)
taxi service in dehradun,6600,MEDIUM,17.077514,82.839328,"[8100, 8100, 6600, 8100, 8100, 6600, 6600, 6600, 6600, 8100, 6600, 5400]"
cab service in dehradun,6600,MEDIUM,17.077514,82.839328,"[8100, 8100, 6600, 8100, 8100, 6600, 6600, 6600, 6600, 8100, 6600, 5400]"
taxi in dehradun,6600,MEDIUM,17.077514,82.839328,"[8100, 8100, 6600, 8100, 8100, 6600, 6600, 6600, 6600, 8100, 6600, 5400]"
cab in dehradun,6600,MEDIUM,17.077514,82.839328,"[8100, 8100, 6600, 8100, 8100, 6600, 6600, 6600, 6600, 8100, 6600, 5400]"
dehradun taxi service,3600,MEDIUM,13.248056,81.960206,"[2900, 2900, 2900, 3600, 3600, 3600, 3600, 3600, 4400, 3600, 3600, 3600]"
dehradun to mussoorie taxi,1600,MEDIUM,8.658685,78.993578,"[880, 1000, 1600, 1900, 1600, 1000, 1600, 1900, 2400, 2900, 1600, 1900]"
dehradun to mussoorie cab,1600,MEDIUM,8.658685,78.993578,"[880, 1000, 1600, 1900, 1600, 1000, 1600, 1900, 2400, 2900, 1600, 1900]"
taxi dehradun,1300,MEDIUM,12.616361,82.658501,"[1000, 1000, 1300, 1000, 1300, 1000, 1300, 1600, 1600, 1600, 1300, 1000]"
dehradun cab,1300,MEDIUM,12.616361,82.658501,"[1000, 1000, 1300, 1000, 1300, 1000, 1300, 1600, 1600, 1600, 1300, 1000]"
dehradun to mussoorie taxi fare,1000,MEDIUM,4.262886,64.066529,"[720, 880, 1000, 1300, 720, 590, 1000, 1600, 1900, 1900, 880, 1000]"
dehradun to mussoorie taxi price,1000,MEDIUM,4.262886,64.066529,"[720, 880, 1000, 1300, 720, 590, 1000, 1600, 1900, 1900, 880, 1000]"
best taxi service in dehradun,880,LOW,17.018676,82.379356,"[880, 590, 590, 590, 880, 720, 880, 880, 880, 1000, 1000, 880]"
best cab service in dehradun,880,LOW,17.018676,82.379356,"[880, 590, 590, 590, 880, 720, 880, 880, 880, 1000, 1000, 880]"
dehradun airport taxi service,590,LOW,8.065609,65.969471,"[480, 480, 590, 590, 720, 590, 720, 590, 720, 590, 480, 480]"
dehradun airport taxi,590,LOW,9.624626,51.914739,"[320, 320, 390, 480, 720, 590, 720, 720, 880, 880, 720, 720]"
dehradun airport cab service,590,LOW,8.065609,65.969471,"[480, 480, 590, 590, 720, 590, 720, 590, 720, 590, 480, 480]"
pathankot to dalhousie taxi fare,480,MEDIUM,3.08737,24.269368,"[260, 320, 480, 480, 390, 320, 480, 590, 880, 880, 320, 390]"
dehradun to mussoorie cab price,480,MEDIUM,4.54596,65.248273,"[170, 320, 480, 590, 480, 260, 390, 590, 880, 880, 390, 480]"
haridwar to kedarnath taxi,390,LOW,3.054022,15.697023,"[140, 90, 50, 90, 170, 210, 210, 590, 1300, 1600, 480, 260]"
pathankot to dalhousie taxi,390,MEDIUM,7.303397,61.001294,"[260, 590, 480, 480, 320, 260, 320, 480, 590, 720, 320, 260]"
cab booking dehradun,390,HIGH,12.500026,82.379356,"[390, 390, 480, 390, 390, 320, 320, 390, 480, 720, 390, 320]"
dehradun to rishikesh taxi,390,MEDIUM,8.627828,71.587742,"[210, 320, 320, 480, 320, 320, 390, 480, 590, 590, 260, 320]"
pathankot to dalhousie cab,390,MEDIUM,7.303397,61.001294,"[260, 590, 480, 480, 320, 260, 320, 480, 590, 720, 320, 260]"
taxi booking dehradun,390,HIGH,12.500026,82.379356,"[390, 390, 480, 390, 390, 320, 320, 390, 480, 720, 390, 320]"
dehradun to rishikesh cab,390,MEDIUM,8.627828,71.587742,"[210, 320, 320, 480, 320, 320, 390, 480, 590, 590, 260, 320]"
haridwar to kedarnath taxi fare,320,LOW,3.285445,12.379763,"[260, 170, 70, 70, 170, 210, 390, 720, 720, 390, 170, 210]"
mussoorie to dehradun cab,320,LOW,13.247289,68.684552,"[140, 210, 260, 320, 260, 170, 210, 320, 390, 590, 480, 590]"
dehradun to mussoorie cab fare,320,MEDIUM,3.167578,52.26566,"[140, 210, 320, 320, 260, 210, 320, 390, 480, 590, 260, 260]"
mussoorie to dehradun taxi,320,LOW,13.247289,68.684552,"[140, 210, 260, 320, 260, 170, 210, 320, 390, 590, 480, 590]"
amritsar to dharamshala taxi,260,HIGH,35.227913,79.020602,"[210, 320, 260, 260, 260, 320, 260, 320, 480, 260, 140, 140]"
amritsar to dharamshala cab,260,HIGH,35.227913,79.020602,"[210, 320, 260, 260, 260, 320, 260, 320, 480, 260, 140, 140]"
dehradun to rishikesh taxi fare,210,MEDIUM,4.114641,34.924619,"[90, 170, 170, 110, 170, 170, 170, 260, 590, 320, 170, 140]"
haridwar to dehradun taxi,210,MEDIUM,6.611139,75.4884,"[110, 170, 170, 260, 170, 170, 320, 320, 260, 260, 210, 170]"
kashmir taxi package,170,MEDIUM,12.145273,36.060559,"[70, 90, 110, 210, 260, 170, 210, 210, 260, 170, 110, 110]"
rishikesh to dehradun cab,170,MEDIUM,9.32344,72.59968,"[90, 170, 170, 260, 170, 140, 210, 210, 260, 210, 110, 110]"
haridwar to dehradun taxi fare,170,MEDIUM,2.819724,60.242053,"[90, 170, 140, 170, 170, 170, 170, 170, 210, 170, 110, 70]"
garhwal taxi service dehradun,170,HIGH,8.606651,29.266772,"[110, 210, 170, 210, 110, 140, 170, 210, 320, 320, 110, 110]"
dehradun to chakrata taxi fare,170,MEDIUM,3.84479,47.736756,"[70, 110, 170, 260, 260, 90, 140, 210, 260, 320, 140, 140]"
taxi from chandigarh to dehradun,170,MEDIUM,11.182685,95.618691,"[170, 210, 170, 170, 170, 140, 170, 170, 140, 140, 140, 110]"
cab from chandigarh to dehradun,170,MEDIUM,11.182685,95.618691,"[170, 210, 170, 170, 170, 140, 170, 170, 140, 140, 140, 110]"
book outstation taxi in delhi,170,MEDIUM,15.204661,44.601568,"[90, 140, 170, 170, 110, 110, 110, 140, 170, 210, 260, 170]"
char dham yatra taxi,140,LOW,3.366324,22.012535,"[70, 70, 40, 40, 70, 110, 390, 320, 260, 110, 50, 50]"
srinagar taxi package,140,MEDIUM,10.923185,31.909311,"[20, 90, 110, 110, 260, 110, 170, 260, 210, 140, 90, 90]"
dehradun to badrinath taxi fare,140,MEDIUM,2.792125,14.964614,"[140, 210, 170, 40, 70, 70, 110, 210, 320, 170, 70, 90]"
amritsar to dharamshala taxi fare,140,MEDIUM,7.02176,70.325694,"[70, 110, 110, 90, 110, 140, 110, 170, 260, 140, 70, 90]"
cab from haridwar to kedarnath,140,MEDIUM,4.587166,15.96304,"[50, 90, 20, 50, 50, 110, 170, 590, 390, 170, 50, 70]"
dehradun to chandigarh taxi,140,MEDIUM,7.686515,77.104627,"[140, 210, 140, 140, 140, 110, 110, 170, 140, 110, 90, 110]"
dehradun to chandigarh cab,140,MEDIUM,7.686515,77.104627,"[140, 210, 140, 140, 140, 110, 110, 170, 140, 110, 90, 110]"
amritsar to dharamshala cab fare,140,MEDIUM,7.02176,70.325694,"[70, 110, 110, 90, 110, 140, 110, 170, 260, 140, 70, 90]"
taxi service dehradun to mussoorie,140,HIGH,15.110846,82.858876,"[50, 110, 140, 140, 110, 110, 140, 140, 210, 390, 140, 110]"
haridwar to kedarnath cab,140,MEDIUM,4.587166,15.96304,"[50, 90, 20, 50, 50, 110, 170, 590, 390, 170, 50, 70]"
dehradun to mussoorie taxi service,110,LOW,16.527656,84.102047,"[50, 90, 90, 90, 210, 90, 90, 110, 90, 140, 170, 70]"
noida to dehradun cab,110,MEDIUM,14.522849,97.516076,"[140, 170, 170, 110, 70, 70, 140, 110, 110, 110, 90, 110]"
gurgaon to dehradun cab,110,HIGH,16.194464,50.410343,"[90, 140, 110, 140, 140, 70, 90, 140, 170, 110, 70, 110]"
dehradun to dhanaulti taxi fare,110,MEDIUM,5.195767,82.079607,"[40, 70, 110, 260, 210, 70, 90, 140, 140, 170, 70, 50]"
dehradun taxi stand,110,HIGH,13.159511,85.103252,"[70, 110, 90, 110, 140, 70, 70, 140, 140, 170, 90, 90]"
haridwar to badrinath and kedarnath taxi package,90,MEDIUM,5.204104,21.506853,"[50, 70, 30, 20, 70, 90, 140, 210, 170, 110, 70, 110]"
cab booking in dehradun,90,HIGH,14.491322,62.450494,"[210, 110, 90, 90, 110, 90, 50, 90, 70, 70, 40, 50]"
local taxi service in dehradun,90,MEDIUM,13.235215,72.21292,"[70, 70, 110, 90, 70, 70, 90, 70, 90, 110, 90, 50]"
haridwar to kedarnath taxi price,90,MEDIUM,2.411211,13.89882,"[50, 70, 10, 10, 30, 40, 110, 210, 260, 140, 70, 110]"
dehradun to saharanpur taxi,90,MEDIUM,5.253167,60.115273,"[70, 110, 140, 90, 70, 70, 70, 90, 50, 70, 50, 70]"
gts cab dehradun,90,MEDIUM,9.03912,48.32255,"[70, 140, 90, 140, 90, 70, 110, 110, 90, 110, 50, 70]"
local cab service in dehradun,90,MEDIUM,13.235215,72.21292,"[70, 70, 110, 90, 70, 70, 90, 70, 90, 110, 90, 50]"
dehradun to kedarnath taxi fare,70,LOW,4.083497,18.896799,"[70, 70, 30, 30, 50, 40, 90, 110, 140, 50, 40, 50]"
cheap taxi service in dehradun,70,MEDIUM,16.863052,80.872372,"[30, 30, 30, 40, 50, 70, 70, 90, 70, 140, 70, 70]"
haridwar to kedarnath taxi service,70,MEDIUM,3.984986,54.12548,"[90, 30, 50, 70, 90, 50, 90, 140, 140, 70, 40, 50]"
dehradun to dhanaulti taxi,70,MEDIUM,6.431845,65.413288,"[20, 30, 30, 90, 110, 30, 50, 50, 140, 110, 40, 30]"
ambala to shimla taxi fare,70,MEDIUM,2.999879,22.159342,"[50, 50, 40, 70, 70, 70, 90, 70, 110, 90, 30, 70]"
dehradun to auli taxi fare,70,MEDIUM,5.414253,62.206229,"[30, 40, 90, 170, 110, 70, 50, 50, 50, 30, 20, 20]"
ambala to shimla taxi,50,MEDIUM,8.307765,39.177827,"[20, 40, 50, 90, 70, 40, 50, 70, 70, 70, 20, 30]"
dehradun to mussoorie ola cab price,50,LOW,1.96935,8.4034,"[30, 70, 70, 70, 70, 20, 90, 70, 70, 70, 30, 20]"
saharanpur to dehradun taxi fare,50,MEDIUM,2.744499,25.391125,"[40, 70, 70, 50, 50, 50, 70, 50, 50, 50, 50, 40]"
dehradun to sonprayag taxi fare,50,MEDIUM,4.888831,51.320034,"[10, 40, 20, 20, 30, 30, 70, 140, 110, 50, 70, 70]"
dehradun to haldwani taxi,50,MEDIUM,8.750967,70.466272,"[40, 70, 50, 50, 50, 30, 40, 70, 90, 50, 70, 90]"
haldwani to dehradun taxi,50,MEDIUM,6.783916,65.186944,"[40, 70, 70, 50, 40, 70, 30, 40, 50, 70, 30, 70]"
dehradun cab rental,50,HIGH,10.039943,38.01381,"[30, 50, 50, 70, 40, 40, 40, 50, 70, 70, 20, 30]"
ambala to shimla cab,50,MEDIUM,8.307765,39.177827,"[20, 40, 50, 90, 70, 40, 50, 70, 70, 70, 20, 30]"
ola cab booking dehradun,40,MEDIUM,9.596549,34.367574,"[50, 50, 70, 50, 30, 20, 10, 20, 30, 30, 20, 10]"
garhwal taxi dehradun,40,HIGH,6.308515,36.406304,"[30, 70, 70, 50, 40, 30, 10, 30, 40, 20, 20, 30]"
dehradun to noida cab,40,MEDIUM,11.874847,57.81091,"[30, 50, 70, 40, 50, 30, 40, 40, 50, 40, 20, 50]"
dehradun to noida taxi,40,MEDIUM,14.258365,110.613204,"[10, 50, 10, 30, 70, 70, 30, 40, 40, 10, 30, 20]"
sharing taxi from delhi to dehradun,40,MEDIUM,7.444934,60.716208,"[30, 50, 30, 40, 40, 30, 30, 30, 70, 40, 20, 30]"
airport taxi dehradun,40,HIGH,8.037052,36.537588,"[50, 50, 50, 40, 30, 50, 50, 40, 70, 50, 30, 30]"
dalhousie to pathankot cab,40,MEDIUM,6.264339,37.832888,"[20, 40, 40, 50, 40, 20, 20, 50, 90, 90, 20, 30]"
dehradun to shimla taxi fare,40,MEDIUM,4.746911,47.254648,"[20, 40, 30, 50, 30, 30, 40, 50, 70, 70, 30, 40]"
amritsar to dharamshala cab price,40,MEDIUM,5.442235,70.30442,"[20, 20, 20, 50, 40, 20, 40, 40, 70, 50, 30, 30]"
dehradun taxi rates,30,MEDIUM,7.867916,24.66619,"[90, 20, 20, 30, 30, 30, 40, 40, 30, 10, 10, 20]"
dehradun to sonprayag taxi,30,MEDIUM,5.329829,25.494906,"[20, 40, 10, 10, 20, 20, 10, 50, 70, 50, 30, 30]"
online cab booking dehradun,30,HIGH,13.218924,89.503843,"[40, 30, 20, 30, 40, 30, 40, 20, 30, 30, 10, 10]"
dehradun to jolly grant airport taxi fare,30,MEDIUM,7.688336,52.735406,"[40, 40, 40, 30, 30, 30, 20, 30, 30, 30, 40, 30]"
online taxi booking dehradun,30,HIGH,13.218924,89.503843,"[40, 30, 20, 30, 40, 30, 40, 20, 30, 30, 10, 10]"
haridwar to kedarnath cab fare,30,MEDIUM,1.193435,7.390504,"[40, 30, 10, 10, 20, 30, 70, 50, 70, 50, 10, 10]"
dharamshala to amritsar taxi,30,HIGH,32.766872,93.357929,"[20, 50, 40, 40, 30, 30, 20, 40, 50, 40, 10, 20]"
haridwar to kedarnath cab price,30,MEDIUM,2.579772,13.123863,"[10, 10, 10, 10, 10, 10, 20, 70, 70, 30, 40, 40]"
taxi service in haridwar for kedarnath,30,LOW,2.648672,26.344033,"[30, 20, 10, 10, 20, 10, 20, 50, 70, 30, 30, 30]"
pathankot cantt to dalhousie taxi fare,30,MEDIUM,5.131754,24.269368,"[10, 20, 20, 30, 30, 10, 40, 30, 40, 40, 20, 30]"
haridwar to kedarnath taxi package,30,MEDIUM,3.661185,18.661351,"[10, 10, 10, 10, 20, 10, 40, 70, 70, 30, 10, 40]"
taxi service in dehradun to mussoorie,30,MEDIUM,14.84435,62.467647,"[30, 20, 20, 30, 20, 30, 20, 50, 40, 40, 30, 20]"
ambala to shimla cab price,30,MEDIUM,2.75092,20.093014,"[10, 20, 20, 40, 40, 20, 30, 30, 30, 30, 10, 30]"
taxi service from pathankot to dalhousie,20,HIGH,9.523432,56.727196,"[10, 10, 10, 10, 10, 10, 20, 20, 20, 70, 20, 20]"
kedarnath taxi service from haridwar,20,MEDIUM,2.864571,16.647153,"[30, 10, 10, 10, 10, 10, 30, 70, 30, 10, 20, 10]"
pathankot to dalhousie cab price,20,MEDIUM,2.180554,15.259762,"[10, 20, 10, 10, 10, 10, 20, 30, 20, 40, 10, 10]"
haridwar to dehradun taxi service,20,HIGH,12.709122,95.116651,"[10, 20, 10, 40, 30, 10, 30, 20, 20, 10, 10, 10]"
airport taxi service dehradun,20,HIGH,,,"[30, 50, 40, 20, 20, 10, 10, 10, 10, 10, 10, 10]"
dehradun taxi service number,10,HIGH,25.062341,81.603345,"[30, 20, 10, 10, 10, 10, 10, 10, 10, 10, 10, 10]"
dehradun to mussoorie taxi package,10,,,,"[20, 10, 10, 10, 10, 10, 10, 20, 10, 20, 10, 0]"
taxi service from haridwar to kedarnath,10,LOW,2.488352,21.30274,"[10, 10, 10, 0, 10, 10, 10, 20, 30, 10, 10, 30]"
taxi haridwar to kedarnath,10,MEDIUM,3.078362,17.80772,"[20, 20, 10, 10, 10, 10, 10, 30, 30, 20, 10, 10]"
taxi for kedarnath from haridwar,10,MEDIUM,3.277492,19.155725,"[20, 10, 0, 10, 10, 10, 20, 40, 30, 10, 10, 10]"
airport cabs in dehradun,10,,,,"[0, 0, 10, 10, 0, 10, 10, 10, 10, 10, 0, 0]"
ambala to dehradun taxi fare,10,HIGH,2.660746,32.47134,"[10, 10, 10, 20, 10, 20, 10, 20, 10, 20, 10, 10]"
ambala to shimla cab fare,10,LOW,,,"[10, 10, 10, 10, 10, 10, 10, 10, 10, 10, 0, 10]"
ambala to shimla taxi service,10,HIGH,5.602363,46.997639,"[10, 10, 10, 10, 10, 10, 10, 10, 10, 10, 10, 10]"
amritsar to dharamshala car rental,10,HIGH,50.206997,75.937256,"[10, 10, 10, 10, 10, 10, 10, 10, 20, 10, 10, 10]"
amritsar to dharamshala taxi cost,10,HIGH,,,"[10, 10, 10, 10, 10, 10, 10, 10, 10, 10, 10, 10]"
amritsar to dharamshala taxi distance,10,LOW,,,"[10, 10, 10, 10, 10, 10, 10, 20, 20, 10, 10, 10]"
amritsar to dharamshala taxi service,10,LOW,63.36785,92.41949,"[20, 10, 10, 10, 10, 10, 10, 10, 20, 20, 40, 40]"
auli to dehradun cab,10,,,,"[0, 10, 10, 10, 10, 10, 10, 10, 10, 10, 10, 0]"
badri vishal taxi service dehradun,10,LOW,,,"[30, 10, 10, 10, 10, 10, 10, 10, 20, 30, 20, 10]"
best cab in dehradun,10,HIGH,,,"[0, 10, 10, 0, 10, 10, 10, 10, 10, 10, 20, 10]"
book cab from dehradun to mussoorie,10,MEDIUM,8.006962,44.919236,"[10, 10, 10, 20, 10, 10, 20, 10, 30, 30, 10, 10]"
book innova for outstation from delhi,10,,,,"[10, 10, 10, 10, 0, 0, 10, 10, 10, 10, 10, 0]"
book ola cab dehradun,10,,,,"[0, 0, 0, 10, 10, 0, 0, 0, 0, 10, 0, 0]"
dehradun to mussoorie taxi fare 2022,0,,,,"[0, 0, 0, 0, 0, 0, 0, 0, 0, 0, 0, 0]"
chandigarh taxi service,9900,MEDIUM,28.253875,100.399334,"[12100, 9900, 9900, 12100, 9900, 8100, 9900, 9900, 12100, 9900, 8100, 8100]"
cab service in chandigarh,9900,MEDIUM,28.253875,100.399334,"[12100, 9900, 9900, 12100, 9900, 8100, 9900, 9900, 12100, 9900, 8100, 8100]"
taxi in chandigarh,9900,MEDIUM,28.253875,100.399334,"[12100, 9900, 9900, 12100, 9900, 8100, 9900, 9900, 12100, 9900, 8100, 8100]"
srinagar taxi service,5400,MEDIUM,8.117739,44.916074,"[4400, 4400, 4400, 5400, 5400, 4400, 4400, 5400, 6600, 6600, 5400, 4400]"
cab service in srinagar,5400,MEDIUM,8.117739,44.916074,"[4400, 4400, 4400, 5400, 5400, 4400, 4400, 5400, 6600, 6600, 5400, 4400]"
dharamshala taxi service,4400,LOW,4.430296,30.138802,"[2400, 2900, 4400, 5400, 5400, 4400, 8100, 4400, 5400, 5400, 3600, 2400]"
amritsar taxi service,4400,MEDIUM,31.62662,95.628657,"[3600, 4400, 5400, 4400, 4400, 4400, 4400, 4400, 5400, 4400, 4400, 3600]"
nainital taxi service,4400,LOW,4.540881,23.776144,"[2400, 2400, 2900, 3600, 4400, 4400, 4400, 4400, 4400, 5400, 5400, 5400]"
taxi service in haridwar,4400,MEDIUM,9.405756,72.296099,"[3600, 3600, 2900, 2900, 4400, 4400, 5400, 6600, 6600, 6600, 4400, 3600]"
haridwar cab service,4400,MEDIUM,9.405756,72.296099,"[3600, 3600, 2900, 2900, 4400, 4400, 5400, 6600, 6600, 6600, 4400, 3600]"
taxi in haridwar,4400,MEDIUM,9.405756,72.296099,"[3600, 3600, 2900, 2900, 4400, 4400, 5400, 6600, 6600, 6600, 4400, 3600]"
cab in haridwar,4400,MEDIUM,9.405756,72.296099,"[3600, 3600, 2900, 2900, 4400, 4400, 5400, 6600, 6600, 6600, 4400, 3600]"
nainital cab service,4400,LOW,4.540881,23.776144,"[2400, 2400, 2900, 3600, 4400, 4400, 4400, 4400, 4400, 5400, 5400, 5400]"
haridwar taxi service,2900,MEDIUM,10.042434,75.770995,"[2400, 2400, 1900, 2400, 2900, 2900, 2900, 3600, 4400, 3600, 2400, 2400]"
car hire in amritsar,2900,HIGH,10.236006,54.23779,"[2900, 2400, 2900, 2900, 3600, 2900, 2900, 2400, 2400, 1900, 1900, 2400]"
rishikesh taxi service,2400,LOW,10.528088,75.949714,"[3600, 2400, 2400, 2900, 2400, 2400, 2900, 2900, 2900, 2900, 1900, 1900]"
tempo traveller in chandigarh,2400,MEDIUM,18.208279,88.081475,"[1900, 2900, 2900, 2400, 2900, 2900, 2900, 2400, 2900, 2400, 1900, 1900]"
cab service in jammu,2400,MEDIUM,3.301353,33.160627,"[1900, 2400, 2400, 2900, 2900, 2900, 2400, 2400, 1900, 2400, 1900, 1600]"
tempo traveller service in chandigarh,2400,MEDIUM,18.208279,88.081475,"[1900, 2900, 2900, 2400, 2900, 2900, 2900, 2400, 2900, 2400, 1900, 1900]"
taxi chandigarh,1900,MEDIUM,22.728078,100.216974,"[1600, 1600, 1600, 1600, 1600, 1300, 1600, 1600, 1900, 2400, 2900, 1600]"
chandigarh cab,1900,MEDIUM,22.728078,100.216974,"[1600, 1600, 1600, 1600, 1600, 1300, 1600, 1600, 1900, 2400, 2900, 1600]"
jammu taxi service,1600,LOW,4.87599,35.312625,"[2400, 1300, 1000, 1900, 1600, 1300, 2400, 1900, 1600, 1600, 1900, 1600]"
kathgodam taxi service,1000,LOW,6.236932,21.077066,"[880, 1000, 1000, 1000, 1000, 880, 1300, 1300, 1600, 1600, 1000, 1000]"
cab service in amritsar,1000,HIGH,25.866046,90.410371,"[880, 880, 1300, 1300, 1300, 1300, 1300, 1300, 1300, 1000, 1000, 1000]"
taxi in amritsar,1000,MEDIUM,23.77691,90.534947,"[880, 880, 1000, 1000, 880, 1000, 1000, 1000, 1300, 880, 880, 1600]"
cab in amritsar,1000,MEDIUM,23.77691,90.534947,"[880, 880, 1000, 1000, 880, 1000, 1000, 1000, 1300, 880, 880, 1600]"
taxi in srinagar,1000,MEDIUM,7.924167,41.85036,"[880, 1000, 880, 1300, 1300, 1000, 880, 1000, 1300, 1300, 1000, 880]"
srinagar to gulmarg taxi fare,1000,MEDIUM,4.86957,22.25862,"[390, 880, 1000, 1600, 1900, 1000, 1000, 1300, 1600, 1300, 720, 720]"
cabs in srinagar,1000,MEDIUM,7.924167,41.85036,"[880, 1000, 880, 1300, 1300, 1000, 880, 1000, 1300, 1300, 1000, 880]"
katra taxi service,880,LOW,4.973543,71.550369,"[590, 590, 720, 1000, 1000, 1000, 880, 880, 880, 880, 880, 590]"
dalhousie taxi service,880,LOW,12.380338,92.863651,"[720, 720, 720, 1000, 880, 1000, 880, 1000, 1300, 880, 1000, 1000]"
best taxi service in chandigarh,880,MEDIUM,26.8317,100.122776,"[1000, 1000, 880, 880, 880, 880, 880, 880, 880, 880, 720, 720]"
haridwar to badrinath taxi fare,880,LOW,1.409047,11.574237,"[480, 720, 480, 170, 320, 320, 720, 1600, 2400, 1300, 720, 720]"
taxi service in rishikesh,880,MEDIUM,11.169557,70.945123,"[590, 1000, 720, 1600, 880, 590, 880, 1000, 1000, 1000, 480, 590]"
amritsar cab,880,MEDIUM,22.533836,90.667476,"[880, 720, 720, 1000, 720, 720, 1300, 1000, 1300, 1000, 880, 1000]"
amritsar taxi,880,MEDIUM,22.533836,90.667476,"[880, 720, 720, 1000, 720, 720, 1300, 1000, 1300, 1000, 880, 1000]"
jammu to katra taxi fare,880,MEDIUM,3.154545,33.200491,"[390, 720, 880, 880, 1000, 1000, 1000, 1300, 1000, 880, 390, 590]"
taxi in rishikesh,880,MEDIUM,9.616481,60.260931,"[720, 720, 720, 1000, 1300, 1300, 1000, 880, 1000, 1000, 480, 320]"
best cab service in chandigarh,880,MEDIUM,26.8317,100.122776,"[1000, 1000, 880, 880, 880, 880, 880, 880, 880, 880, 720, 720]"
haridwar taxi,880,MEDIUM,8.052097,70.319177,"[480, 720, 590, 590, 720, 720, 1000, 1000, 1300, 1300, 720, 720]"
cabs in jammu,880,MEDIUM,4.034721,26.936631,"[720, 880, 1000, 1000, 1000, 1000, 1000, 880, 720, 880, 720, 590]"
cabs in rishikesh,880,MEDIUM,9.616481,60.260931,"[720, 720, 720, 1000, 1300, 1300, 1000, 880, 1000, 1000, 480, 320]"
taxi in jammu,880,MEDIUM,4.034721,26.936631,"[720, 880, 1000, 1000, 1000, 1000, 1000, 880, 720, 880, 720, 590]"
leh taxi service,720,MEDIUM,5.539116,29.360875,"[720, 320, 260, 390, 390, 260, 720, 1300, 1300, 1600, 1000, 880]"
haridwar to rishikesh cab,720,MEDIUM,8.751829,72.21292,"[320, 590, 480, 590, 480, 720, 1000, 1000, 1300, 1300, 590, 390]"
srinagar to pahalgam taxi fare,720,MEDIUM,4.037979,22.350326,"[480, 590, 720, 720, 880, 590, 590, 480, 880, 1000, 720, 480]"
taxi from haridwar to rishikesh,720,MEDIUM,8.751829,72.21292,"[320, 590, 480, 590, 480, 720, 1000, 1000, 1300, 1300, 590, 390]"
kathgodam to nainital taxi fare,720,LOW,3.552708,15.068395,"[390, 480, 590, 720, 720, 590, 1000, 1000, 1000, 1000, 720, 880]"
taxi rishikesh,720,MEDIUM,9.678481,65.268206,"[480, 480, 480, 590, 480, 480, 880, 880, 1000, 1000, 390, 480]"
jolly grant airport taxi,590,LOW,9.624626,51.914739,"[320, 320, 390, 480, 720, 590, 720, 720, 880, 880, 720, 720]"
haridwar to mussoorie taxi fare,590,MEDIUM,6.525661,73.215851,"[260, 480, 480, 480, 480, 480, 880, 720, 1000, 880, 320, 390]"
haridwar to rishikesh taxi fare,590,MEDIUM,5.310376,72.088345,"[390, 590, 480, 480, 480, 590, 880, 880, 1000, 1000, 590, 480]"
cab from manali to chandigarh,590,MEDIUM,18.7544,100.399334,"[390, 480, 590, 720, 590, 320, 480, 590, 720, 1000, 390, 590]"
tempo traveller for manali,480,LOW,6.860386,29.39566,"[320, 480, 590, 590, 720, 390, 480, 320, 720, 480, 140, 170]"
chandigarh to kasol cab,480,MEDIUM,14.412551,100.434982,"[320, 390, 480, 720, 590, 390, 480, 720, 720, 590, 390, 320]"
cabs in chandigarh,480,HIGH,16.395126,100.122776,"[390, 480, 720, 590, 480, 480, 480, 590, 590, 480, 390, 480]"
chandigarh to amritsar cab,480,MEDIUM,19.890626,100.087511,"[590, 480, 480, 590, 590, 480, 590, 390, 390, 320, 320, 260]"
cab booking amritsar,480,HIGH,18.409133,90.586119,"[320, 390, 590, 590, 590, 390, 480, 480, 590, 590, 480, 390]"
rishikesh cab service,480,MEDIUM,10.035343,74.583501,"[320, 390, 320, 590, 480, 390, 590, 720, 1000, 880, 320, 320]"
best cab service in amritsar,480,MEDIUM,25.736487,90.568295,"[720, 480, 480, 390, 480, 320, 390, 480, 590, 480, 390, 390]"
chandigarh to kasol taxi,480,MEDIUM,14.412551,100.434982,"[320, 390, 480, 720, 590, 390, 480, 720, 720, 590, 390, 320]"
best taxi service in amritsar,480,MEDIUM,25.736487,90.568295,"[720, 480, 480, 390, 480, 320, 390, 480, 590, 480, 390, 390]"
amritsar taxi booking,480,HIGH,18.409133,90.586119,"[320, 390, 590, 590, 590, 390, 480, 480, 590, 590, 480, 390]"
jammu to katra taxi,480,MEDIUM,5.749075,41.747442,"[390, 480, 590, 480, 480, 590, 720, 720, 590, 590, 320, 320]"
chandigarh to amritsar taxi,480,MEDIUM,19.890626,100.087511,"[590, 480, 480, 590, 590, 480, 590, 390, 390, 320, 320, 260]"
kathgodam to nainital taxi,480,MEDIUM,4.048903,16.360437,"[210, 390, 390, 480, 320, 320, 590, 590, 880, 880, 390, 480]"
cab booking chandigarh,390,HIGH,16.124222,90.098452,"[260, 320, 390, 390, 590, 480, 480, 480, 480, 480, 390, 390]"
katra to srinagar taxi fare,390,MEDIUM,4.958498,38.544024,"[140, 170, 210, 390, 480, 390, 480, 590, 480, 590, 260, 170]"
rishikesh to badrinath taxi fare,390,LOW,2.513459,11.534181,"[320, 390, 210, 90, 170, 210, 480, 1000, 880, 720, 260, 320]"
taxi from jammu to srinagar,390,MEDIUM,3.619308,24.480859,"[110, 170, 140, 480, 390, 320, 390, 480, 590, 720, 480, 210]"
srinagar to leh taxi fare,390,MEDIUM,2.769893,19.567879,"[210, 110, 110, 170, 210, 260, 390, 480, 880, 880, 590, 390]"
chandigarh to kasauli cab,390,HIGH,9.979763,97.809883,"[260, 320, 320, 390, 320, 260, 390, 480, 590, 590, 390, 320]"
best taxi service in haridwar,390,MEDIUM,9.341743,75.6928,"[390, 260, 260, 390, 320, 390, 590, 480, 590, 480, 320, 260]"
taxi from ludhiana to amritsar,390,LOW,27.299146,150.186128,"[210, 320, 480, 590, 390, 210, 480, 260, 210, 260, 720, 390]"
amritsar to dalhousie cab,320,MEDIUM,30.332278,75.308436,"[480, 390, 320, 480, 320, 210, 390, 390, 480, 320, 170, 260]"
amritsar to wagah border taxi,320,MEDIUM,18.189113,80.124343,"[170, 210, 210, 320, 320, 390, 390, 260, 390, 320, 210, 320]"
haridwar to mussoorie taxi,320,MEDIUM,10.926059,73.165062,"[170, 320, 320, 390, 320, 320, 390, 480, 480, 480, 260, 260]"
amritsar to wagah border cab,320,MEDIUM,18.189113,80.124343,"[170, 210, 210, 320, 320, 390, 390, 260, 390, 320, 210, 320]"
chandigarh to dharamshala taxi,320,MEDIUM,14.560892,97.790622,"[210, 320, 260, 320, 260, 210, 480, 480, 590, 390, 170, 210]"
jalandhar to amritsar taxi,320,MEDIUM,21.035094,100.46258,"[480, 390, 390, 320, 590, 390, 210, 260, 170, 260, 210, 390]"
haridwar taxi booking,320,MEDIUM,5.895116,60.277509,"[210, 260, 210, 210, 210, 260, 320, 390, 590, 590, 390, 320]"
cab booking haridwar,320,MEDIUM,5.895116,60.277509,"[210, 260, 210, 210, 210, 260, 320, 390, 590, 590, 390, 320]"
luxury tempo traveller in chandigarh,320,LOW,32.84018,90.370123,"[170, 320, 260, 260, 390, 320, 480, 390, 320, 260, 170, 170]"
srinagar to gulmarg taxi,320,MEDIUM,5.988835,27.701334,"[90, 260, 260, 480, 590, 390, 260, 320, 320, 320, 260, 140]"
taxi from amritsar to dalhousie,320,MEDIUM,30.332278,75.308436,"[480, 390, 320, 480, 320, 210, 390, 390, 480, 320, 170, 260]"
haridwar to sonprayag taxi fare,260,MEDIUM,4.289718,69.296315,"[170, 140, 20, 40, 90, 110, 320, 720, 880, 480, 210, 260]"
dehradun to haridwar taxi,260,MEDIUM,9.754952,77.356174,"[210, 260, 260, 260, 260, 210, 320, 260, 320, 260, 210, 320]"
chandigarh to kasauli taxi fare,260,MEDIUM,3.430145,40.252533,"[140, 260, 210, 260, 170, 140, 210, 320, 390, 590, 260, 210]"
amritsar to chandigarh taxi,260,MEDIUM,16.325364,95.116651,"[480, 260, 320, 320, 260, 260, 260, 260, 210, 210, 210, 260]"
chandigarh taxi number,260,LOW,20.047783,55.477989,"[210, 210, 210, 260, 320, 210, 320, 260, 320, 260, 320, 260]"
taxi hire in amritsar,260,MEDIUM,31.552641,90.391493,"[880, 320, 260, 210, 110, 140, 170, 110, 170, 140, 170, 210]"
best taxi service in leh ladakh,260,LOW,6.886739,29.685634,"[90, 70, 110, 210, 170, 210, 480, 390, 590, 480, 320, 260]"
jammu airport to katra taxi fare,260,MEDIUM,3.214054,27.353672,"[90, 210, 260, 260, 260, 260, 260, 320, 320, 260, 170, 210]"
amritsar to wagah border taxi fare,210,LOW,5.431406,75.418063,"[110, 210, 320, 390, 260, 140, 90, 140, 210, 260, 170, 260]"
cheapest cab service in chandigarh,210,MEDIUM,15.667508,93.102357,"[390, 390, 210, 170, 210, 260, 170, 140, 170, 170, 140, 170]"
tempo traveller from delhi to manali,210,MEDIUM,12.82469,50.217347,"[90, 110, 210, 390, 320, 140, 170, 170, 320, 210, 30, 40]"
rishikesh to haridwar cab,210,MEDIUM,12.118249,72.426616,"[90, 170, 170, 260, 170, 170, 210, 320, 390, 390, 170, 110]"
cab booking srinagar,210,MEDIUM,3.57149,33.706364,"[210, 210, 170, 210, 260, 170, 140, 210, 260, 260, 260, 210]"
cheapest taxi service in chandigarh,210,MEDIUM,15.667508,93.102357,"[390, 390, 210, 170, 210, 260, 170, 140, 170, 170, 140, 170]"
uber cab chandigarh,210,LOW,9.323728,45.795195,"[260, 260, 320, 210, 210, 140, 170, 170, 260, 210, 210, 210]"
haridwar to dehradun cab,210,MEDIUM,6.611139,75.4884,"[110, 170, 170, 260, 170, 170, 320, 320, 260, 260, 210, 170]"
kullu taxi service,170,MEDIUM,3.246923,14.360804,"[110, 210, 90, 140, 260, 140, 110, 170, 210, 260, 140, 110]"
haridwar to sonprayag taxi,170,MEDIUM,6.810652,49.174648,"[140, 170, 20, 50, 70, 110, 210, 320, 320, 210, 110, 170]"
amritsar to dalhousie taxi fare,170,MEDIUM,5.660817,66.557565,"[70, 110, 170, 210, 170, 170, 260, 210, 260, 170, 90, 170]"
outstation taxi service in chandigarh,170,MEDIUM,19.591357,100.122776,"[320, 210, 170, 140, 140, 140, 170, 170, 210, 110, 90, 170]"
taxi stand chandigarh,170,HIGH,36.828903,99.082472,"[140, 170, 210, 170, 170, 140, 140, 140, 170, 260, 90, 110]"
kasol to chandigarh taxi,170,MEDIUM,9.428659,55.019742,"[40, 170, 140, 260, 170, 110, 140, 260, 320, 480, 70, 70]"
dehradun to haridwar taxi fare,170,MEDIUM,5.404958,67.037565,"[90, 170, 140, 140, 110, 140, 140, 210, 260, 260, 170, 140]"
cab booking in chandigarh,140,HIGH,21.665447,94.907364,"[260, 140, 140, 210, 110, 110, 110, 170, 140, 110, 140, 90]"
chandigarh to kasol taxi fare,140,MEDIUM,6.233962,62.561558,"[50, 110, 140, 140, 140, 110, 170, 210, 260, 210, 70, 90]"
car rental in chandigarh with driver,140,MEDIUM,6.218342,32.801944,"[90, 90, 170, 210, 140, 140, 140, 140, 210, 110, 110, 90]"
chandigarh to kalka taxi fare,140,MEDIUM,3.286787,23.853956,"[70, 140, 140, 210, 210, 110, 140, 170, 170, 140, 90, 70]"
katra to amritsar taxi,140,MEDIUM,20.16843,85.369749,"[70, 170, 210, 140, 170, 210, 210, 210, 140, 110, 90, 50]"
rishikesh to sonprayag taxi fare,140,MEDIUM,4.362546,32.184911,"[90, 90, 20, 30, 70, 90, 170, 320, 390, 210, 140, 140]"
taxi from chandigarh,140,LOW,19.404014,85.4122,"[320, 390, 320, 140, 90, 110, 90, 70, 70, 40, 50, 70]"
local taxi service in amritsar,140,MEDIUM,25.802704,80.180977,"[110, 170, 260, 140, 110, 90, 140, 110, 170, 140, 50, 90]"
dehradun airport to rishikesh taxi fare,140,MEDIUM,7.356581,34.925098,"[110, 140, 170, 140, 140, 140, 170, 140, 210, 140, 110, 110]"
taxi service in srinagar kashmir,140,HIGH,16.042865,77.929701,"[30, 50, 70, 260, 260, 260, 110, 90, 170, 110, 70, 20]"
leh ladakh taxi booking,140,LOW,11.335243,47.74241,"[40, 210, 70, 20, 50, 50, 140, 210, 210, 140, 140, 210]"
taxi booking in chandigarh,140,HIGH,21.665447,94.907364,"[260, 140, 140, 210, 110, 110, 110, 170, 140, 110, 140, 90]"
haridwar to gaurikund taxi fare,140,MEDIUM,2.980426,30.123374,"[110, 110, 40, 50, 70, 90, 210, 320, 210, 140, 90, 140]"
cheap taxi service in haridwar,140,MEDIUM,8.09934,75.910904,"[90, 70, 50, 70, 110, 110, 210, 260, 260, 260, 170, 140]"
rishikesh to sonprayag taxi,110,MEDIUM,7.273115,60.390682,"[110, 110, 10, 10, 30, 30, 90, 320, 390, 170, 90, 110]"
amritsar airport taxi service,110,MEDIUM,26.614459,95.116651,"[170, 110, 70, 110, 70, 50, 70, 70, 170, 140, 70, 140]"
online cab service in srinagar,110,MEDIUM,2.940083,33.08454,"[140, 170, 110, 140, 140, 90, 70, 90, 70, 90, 90, 70]"
chandigarh to amritsar taxi fare,110,MEDIUM,7.282794,70.35885,"[170, 90, 170, 140, 90, 140, 140, 110, 110, 110, 50, 70]"
amritsar to katra taxi,110,MEDIUM,23.016519,83.880781,"[140, 170, 140, 110, 110, 170, 170, 110, 140, 70, 30, 50]"
taxi booking in amritsar,110,MEDIUM,21.731952,90.321635,"[210, 110, 110, 110, 110, 90, 50, 110, 140, 90, 50, 70]"
cab booking in amritsar,110,MEDIUM,21.731952,90.321635,"[210, 110, 110, 110, 110, 90, 50, 110, 140, 90, 50, 70]"
nainital taxi package,110,LOW,5.523113,24.95463,"[70, 110, 110, 90, 90, 90, 140, 140, 170, 210, 90, 90]"
chandigarh to manali tempo traveller,90,MEDIUM,30.36438,77.604559,"[30, 70, 90, 110, 110, 70, 140, 140, 140, 90, 50, 50]"
noida to rishikesh cab,90,MEDIUM,9.446579,69.90664,"[50, 90, 70, 110, 90, 70, 140, 170, 110, 110, 70, 50]"
srinagar taxi rates,90,MEDIUM,7.749378,25.755173,"[40, 70, 90, 110, 50, 50, 50, 110, 140, 140, 110, 90]"
cab booking rishikesh,90,HIGH,6.755455,61.628677,"[30, 90, 70, 90, 90, 40, 90, 70, 210, 170, 90, 50]"
local taxi service in chandigarh,90,MEDIUM,29.975321,96.808677,"[90, 110, 110, 110, 70, 90, 50, 110, 110, 90, 90, 50]"
taxi service in amritsar for outstation,90,MEDIUM,32.649866,90.999039,"[70, 90, 70, 90, 70, 70, 90, 110, 170, 50, 70, 90]"
mussoorie to rishikesh cab,90,MEDIUM,9.768176,62.206229,"[30, 50, 90, 110, 90, 90, 140, 170, 210, 110, 30, 50]"
katra to amritsar taxi fare,70,MEDIUM,4.924575,65.267343,"[40, 70, 90, 40, 70, 90, 90, 110, 90, 40, 50, 40]"
cheap taxi service in amritsar,70,MEDIUM,21.556971,85.640078,"[50, 70, 40, 50, 70, 90, 90, 70, 90, 70, 50, 70]"
one way taxi to chandigarh,70,HIGH,15.671437,100.249651,"[70, 90, 90, 50, 50, 50, 90, 70, 50, 50, 30, 30]"
online cab booking chandigarh,70,MEDIUM,21.147404,95.439494,"[70, 70, 70, 70, 70, 50, 70, 90, 50, 140, 110, 90]"
amritsar to manali cab,70,MEDIUM,31.551012,75.116589,"[50, 90, 90, 90, 70, 90, 110, 90, 110, 50, 50, 40]"
noida to haridwar cab,70,MEDIUM,7.937775,36.796035,"[70, 90, 90, 70, 40, 50, 70, 90, 110, 110, 50, 70]"
udhampur to srinagar taxi fare,70,MEDIUM,4.380658,21.860456,"[20, 20, 30, 110, 110, 70, 50, 90, 90, 110, 50, 30]"
jammu to amritsar taxi fare,70,MEDIUM,5.539787,90.224753,"[30, 70, 50, 90, 110, 90, 70, 70, 70, 50, 70, 70]"
noida to chandigarh taxi,70,HIGH,19.84645,99.104704,"[90, 140, 90, 90, 70, 50, 110, 70, 50, 50, 90, 40]"
dehradun airport to haridwar taxi fare,70,MEDIUM,8.856281,42.478797,"[40, 20, 20, 30, 40, 50, 50, 90, 140, 90, 70, 90]"
bike taxi in chandigarh,70,LOW,19.4342,75.58739,"[70, 110, 90, 50, 40, 40, 50, 90, 90, 70, 50, 70]"
taxi stand amritsar,70,HIGH,18.543771,85.584977,"[50, 70, 90, 90, 70, 50, 50, 70, 70, 70, 50, 70]"
cheapest cab service in rishikesh,70,HIGH,6.244982,60.246749,"[40, 50, 50, 70, 70, 140, 110, 90, 110, 110, 50, 50]"
jalandhar to amritsar taxi fare,70,MEDIUM,9.881444,100.122776,"[70, 70, 70, 70, 90, 50, 50, 70, 50, 110, 40, 50]"
online taxi booking chandigarh,70,MEDIUM,21.147404,95.439494,"[70, 70, 70, 70, 70, 50, 70, 90, 50, 140, 110, 90]"
amritsar to mcleodganj taxi,70,MEDIUM,12.601699,84.236876,"[30, 40, 50, 50, 30, 40, 70, 70, 140, 110, 50, 50]"
haridwar to badrinath taxi package,70,LOW,2.120183,21.770666,"[40, 50, 30, 10, 20, 30, 90, 110, 170, 110, 50, 70]"
haridwar to sonprayag taxi price,50,MEDIUM,5.479128,60.390682,"[90, 30, 10, 10, 20, 30, 50, 110, 90, 70, 70, 50]"
one way taxi service in amritsar,50,MEDIUM,31.545071,100.222244,"[170, 110, 70, 50, 70, 50, 50, 70, 20, 30, 10, 10]"
tempo traveller chandigarh to manali,50,HIGH,29.426325,82.146399,"[20, 40, 40, 50, 40, 40, 50, 70, 170, 50, 20, 20]"
amritsar to katra taxi fare,40,MEDIUM,5.046084,65.041382,"[40, 50, 40, 20, 40, 70, 50, 50, 90, 30, 20, 20]"
chardham yatra taxi service from haridwar,40,LOW,5.27492,20.027085,"[50, 40, 20, 20, 40, 50, 70, 50, 30, 10, 10, 20]"
online cab booking in amritsar,40,HIGH,26.399997,80.530843,"[110, 50, 50, 50, 50, 30, 30, 20, 20, 30, 30, 10]"
cheapest cab in chandigarh,30,LOW,12.883911,143.468237,"[30, 20, 30, 10, 40, 20, 30, 40, 30, 40, 40, 20]"
amritsar local sightseeing taxi,20,MEDIUM,63.259086,90.078712,"[30, 40, 70, 40, 20, 20, 20, 10, 10, 10, 10, 10]"
taxi service in amritsar for wagah border,20,MEDIUM,35.15221,90.410371,"[20, 10, 10, 20, 20, 30, 30, 20, 20, 30, 20, 20]"
gaggal airport taxi,10,MEDIUM,,,"[10, 10, 10, 10, 10, 0, 10, 10, 20, 20, 10, 10]"
delhi to haridwar ola cab fare,10,,,,"[10, 10, 10, 10, 10, 10, 10, 10, 10, 10, 0, 0]"
amritsar taxi service number,10,HIGH,,,"[40, 20, 10, 10, 0, 10, 10, 10, 10, 10, 10, 10]"
amritsar outstation taxi rates,10,,,,"[0, 10, 10, 10, 10, 10, 10, 10, 10, 10, 10, 0]"
chandigarh to kasauli taxi,390,HIGH,10.029882,98.301089,"[260, 320, 320, 390, 320, 260, 390, 480, 590, 590, 390, 320]"
ola cab dehradun,1000,LOW,13.42707,44.655069,"[1300, 1300, 1300, 1300, 1000, 720, 880, 880, 1300, 1300, 880, 880]"
car rental in dehradun for outstation,50,MEDIUM,11.222563,33.554432,"[50, 40, 50, 50, 40, 50, 70, 40, 50, 70, 40, 40]"
car on rent dehradun,8100,HIGH,12.403597,31.682769,"[6600, 8100, 8100, 9900, 9900, 6600, 8100, 8100, 8100, 8100, 8100, 5400]"
